instance_id,n_nodes,optimal_tour_length,hybrid_tour_length,lk_tour_length,nn_tour_length,hybrid_gap_percent,hybrid_runtime_ms,lk_runtime_ms,coordinates
WH_0000,69,47.53,51.81,48.53,56.42,9.0,45.8,304.7,"[(23.1,37.2),(17.7,8.0),(22.0,40.9),(18.6,41.6),(78.0,25.4)...]"
WH_0001,62,50.66,54.72,51.73,60.14,8.0,64.8,237.1,"[(36.9,5.2),(86.4,31.8),(47.3,35.3),(96.8,1.6),(18.6,46.8)...]"
WH_0002,71,54.46,58.71,55.61,64.65,7.8,65.7,325.7,"[(71.6,35.2),(90.9,10.1),(18.0,33.7),(23.8,48.5),(97.1,4.7)...]"
WH_0003,82,53.37,55.79,54.49,63.35,4.53,49.7,310.3,"[(71.8,5.2),(95.6,36.2),(1.8,28.9),(19.6,13.7),(0.8,4.0)...]"
WH_0004,61,46.75,48.3,47.73,55.49,3.31,53.0,265.5,"[(34.6,36.7),(97.6,38.5),(64.1,0.6),(82.2,20.8),(13.3,24.1)...]"
WH_0005,61,48.62,50.43,49.64,57.71,3.72,60.7,293.0,"[(77.5,2.2),(66.1,8.2),(18.5,6.6),(17.4,36.3),(9.8,40.9)...]"
WH_0006,82,58.02,61.08,59.23,68.86,5.29,62.1,323.7,"[(56.1,26.6),(60.3,20.6),(67.6,17.4),(80.5,45.0),(27.0,1.1)...]"
WH_0007,73,53.84,55.43,54.97,63.91,2.95,47.5,338.3,"[(39.6,8.7),(91.5,42.8),(53.3,11.4),(15.8,41.9),(69.6,14.0)...]"
WH_0008,58,45.44,47.89,46.39,53.94,5.4,64.7,304.8,"[(66.9,25.4),(82.9,43.7),(87.9,24.7),(57.2,35.1),(51.7,49.6)...]"
WH_0009,70,58.41,62.0,59.64,69.33,6.15,61.9,340.4,"[(84.6,27.1),(69.2,38.1),(43.0,41.7),(67.3,22.0),(27.5,15.1)...]"
WH_0010,58,40.59,41.4,41.44,48.18,2.0,49.5,312.7,"[(1.9,11.3),(47.7,32.0),(68.8,48.9),(72.3,30.2),(69.3,17.9)...]"
WH_0011,58,50.17,51.78,51.23,59.56,3.2,69.8,257.8,"[(66.6,23.2),(96.6,48.2),(76.1,26.0),(95.1,33.9),(70.3,15.6)...]"
WH_0012,66,55.61,56.86,56.78,66.01,2.26,67.6,263.2,"[(47.0,31.7),(89.0,11.1),(70.8,16.1),(6.2,42.4),(14.7,36.4)...]"
WH_0013,42,34.8,35.49,35.53,41.3,2.0,64.0,326.2,"[(69.4,27.2),(77.1,35.5),(65.5,8.4),(15.2,39.0),(87.6,29.2)...]"
WH_0014,43,43.6,45.41,44.52,51.75,4.15,61.5,260.7,"[(54.6,32.1),(96.7,33.6),(5.2,31.6),(50.5,9.9),(71.8,20.9)...]"
WH_0015,57,45.2,47.87,46.15,53.65,5.91,53.3,338.8,"[(27.1,40.3),(59.8,41.1),(86.6,46.6),(94.7,27.2),(10.6,10.0)...]"
WH_0016,51,50.99,54.08,52.06,60.53,6.05,46.8,304.3,"[(95.3,34.8),(32.7,35.1),(35.4,8.6),(50.6,25.0),(94.1,20.6)...]"
WH_0017,67,58.79,61.24,60.03,69.79,4.16,64.1,270.6,"[(7.4,47.0),(37.5,31.8),(80.4,16.2),(43.3,13.5),(99.7,9.5)...]"
WH_0018,53,40.75,44.09,41.61,48.37,8.18,54.3,332.4,"[(22.9,21.2),(59.7,4.2),(92.8,30.3),(92.9,44.0),(34.2,44.1)...]"
WH_0019,47,39.16,41.32,39.98,46.48,5.51,57.6,280.6,"[(15.5,28.4),(8.3,29.0),(48.5,24.5),(30.2,32.2),(56.3,11.5)...]"
WH_0020,81,55.19,57.67,56.35,65.51,4.51,54.4,226.5,"[(76.1,46.4),(15.4,3.1),(48.7,4.6),(43.0,8.1),(59.7,29.8)...]"
WH_0021,61,44.22,45.19,45.15,52.49,2.18,53.3,291.0,"[(5.3,19.8),(69.2,9.1),(45.8,7.8),(22.7,41.4),(61.4,2.1)...]"
WH_0022,64,55.58,58.97,56.75,65.97,6.1,47.8,236.4,"[(41.7,28.6),(16.0,40.3),(17.1,38.0),(41.8,7.7),(75.7,7.5)...]"
WH_0023,46,43.3,44.64,44.21,51.4,3.09,59.8,269.4,"[(97.9,4.5),(67.4,30.0),(84.7,17.0),(32.4,45.9),(67.6,20.3)...]"
WH_0024,57,41.98,44.06,42.86,49.83,4.96,55.6,241.1,"[(60.7,30.7),(38.9,44.9),(24.0,40.5),(9.5,29.2),(31.5,36.5)...]"
WH_0025,65,42.97,46.12,43.87,51.0,7.32,56.1,283.7,"[(73.4,40.0),(20.9,27.7),(5.9,41.3),(55.2,31.6),(59.5,39.2)...]"
WH_0026,50,44.56,48.04,45.49,52.89,7.81,69.2,245.5,"[(41.5,6.7),(2.4,7.9),(33.5,47.5),(17.7,44.0),(9.8,45.4)...]"
WH_0027,68,46.49,48.94,47.47,55.19,5.28,50.1,313.6,"[(2.3,6.5),(86.2,33.6),(57.7,36.5),(89.1,28.8),(59.7,10.3)...]"
WH_0028,56,43.12,46.35,44.03,51.19,7.48,67.1,263.9,"[(51.1,29.8),(60.4,49.8),(46.1,21.8),(82.9,46.0),(83.0,17.3)...]"
WH_0029,60,42.4,44.07,43.29,50.32,3.95,47.4,338.4,"[(82.8,4.4),(0.1,18.9),(30.8,20.7),(24.1,2.0),(23.4,13.7)...]"
WH_0030,56,47.35,48.89,48.34,56.2,3.24,62.2,245.5,"[(0.6,17.8),(48.4,31.7),(12.3,9.3),(30.8,37.5),(92.6,27.3)...]"
WH_0031,86,55.68,58.28,56.85,66.1,4.66,54.0,311.1,"[(21.2,28.9),(4.1,28.5),(32.2,16.6),(56.0,15.8),(85.8,5.3)...]"
WH_0032,63,44.37,46.75,45.3,52.67,5.37,60.7,256.7,"[(76.5,24.0),(92.9,3.4),(20.5,27.5),(79.8,20.9),(73.9,43.9)...]"
WH_0033,51,43.52,47.44,44.43,51.66,9.0,71.6,251.4,"[(27.9,21.6),(40.5,39.1),(99.9,24.2),(5.5,39.7),(57.9,28.8)...]"
WH_0034,73,55.86,56.98,57.03,66.3,2.0,48.5,304.5,"[(68.1,2.6),(71.6,11.6),(60.7,24.6),(8.9,15.5),(67.7,9.1)...]"
WH_0035,49,37.69,38.59,38.48,44.74,2.39,64.2,242.9,"[(98.2,21.9),(91.2,17.1),(43.9,27.3),(4.0,4.6),(36.2,37.8)...]"
WH_0036,66,55.76,58.83,56.93,66.19,5.5,52.6,229.1,"[(23.5,33.7),(49.4,49.0),(91.5,49.3),(21.2,34.3),(14.4,12.2)...]"
WH_0037,42,40.98,43.59,41.84,48.64,6.38,48.5,268.9,"[(5.7,0.4),(12.0,1.0),(58.1,29.3),(92.9,22.8),(49.7,25.9)...]"
WH_0038,48,45.31,49.38,46.26,53.78,9.0,49.7,333.4,"[(9.9,39.5),(62.3,30.8),(44.7,2.2),(77.8,31.1),(22.0,15.4)...]"
WH_0039,66,44.8,47.64,45.74,53.17,6.34,62.2,324.2,"[(61.3,11.9),(15.7,47.5),(96.2,15.3),(51.8,8.4),(7.3,23.0)...]"
WH_0040,72,48.46,50.7,49.48,57.53,4.6,60.4,332.8,"[(46.6,20.0),(36.2,17.5),(10.8,38.6),(87.6,40.2),(78.3,7.7)...]"
WH_0041,66,50.94,53.42,52.01,60.47,4.86,46.6,254.1,"[(43.2,28.5),(96.7,46.0),(45.2,48.4),(14.3,27.0),(38.9,22.9)...]"
WH_0042,62,44.04,46.47,44.97,52.28,5.51,56.9,263.4,"[(43.6,47.5),(15.7,19.2),(94.8,21.2),(76.7,35.7),(26.8,30.2)...]"
WH_0043,60,52.97,54.08,54.09,62.88,2.09,60.0,288.6,"[(52.2,38.2),(58.6,12.4),(0.8,1.8),(76.1,5.1),(71.3,36.4)...]"
WH_0044,46,44.2,47.04,45.13,52.46,6.42,49.4,275.9,"[(65.5,16.9),(23.3,4.5),(86.4,48.1),(30.9,40.4),(69.4,23.0)...]"
WH_0045,55,52.45,54.39,53.55,62.25,3.7,49.0,286.3,"[(28.7,46.6),(73.7,4.5),(45.3,25.6),(98.9,45.9),(5.5,45.2)...]"
WH_0046,58,48.16,49.33,49.17,57.17,2.42,45.0,251.4,"[(46.1,44.1),(90.1,1.0),(93.0,37.6),(38.4,23.7),(49.2,22.3)...]"
WH_0047,76,53.12,57.34,54.24,63.06,7.94,64.2,226.8,"[(20.8,0.9),(25.0,32.7),(80.6,30.9),(28.0,15.5),(19.2,4.3)...]"
WH_0048,68,48.14,51.45,49.15,57.14,6.87,69.0,225.3,"[(86.0,16.9),(45.8,23.7),(26.2,30.7),(24.2,43.4),(48.3,33.1)...]"
WH_0049,42,39.65,41.5,40.48,47.06,4.67,66.9,289.8,"[(91.4,23.5),(83.3,35.3),(29.8,47.0),(78.9,16.5),(3.1,2.1)...]"
WH_0050,67,53.41,56.06,54.53,63.4,4.97,52.0,231.0,"[(27.8,18.4),(6.2,45.7),(16.2,18.4),(89.5,18.7),(68.6,19.2)...]"
WH_0051,59,49.42,52.69,50.45,58.66,6.62,64.3,307.0,"[(11.9,9.6),(22.5,42.0),(50.0,36.2),(84.0,44.7),(70.1,5.9)...]"
WH_0052,55,40.9,43.61,41.76,48.55,6.62,64.4,285.5,"[(47.7,22.4),(64.2,3.6),(3.8,47.7),(62.1,11.2),(77.8,46.1)...]"
WH_0053,71,45.62,47.13,46.58,54.15,3.31,48.1,273.4,"[(70.9,3.4),(24.9,23.2),(32.4,41.0),(33.4,30.7),(2.6,41.6)...]"
WH_0054,76,58.39,61.7,59.62,69.31,5.66,63.5,328.3,"[(64.8,10.5),(71.2,22.8),(17.8,45.4),(8.0,5.2),(94.0,36.0)...]"
WH_0055,75,55.06,56.73,56.21,65.35,3.04,60.9,288.3,"[(25.0,26.7),(61.0,41.2),(58.5,5.2),(37.0,47.2),(48.6,39.8)...]"
WH_0056,53,51.61,53.78,52.69,61.26,4.2,58.1,280.1,"[(20.3,16.5),(45.2,29.4),(79.7,42.4),(59.0,22.1),(9.7,0.9)...]"
WH_0057,60,46.02,49.08,46.99,54.63,6.65,71.9,252.8,"[(78.5,47.8),(82.2,25.0),(55.4,46.6),(18.0,29.2),(46.8,26.9)...]"
WH_0058,67,49.99,51.78,51.04,59.34,3.58,64.3,332.0,"[(43.7,39.4),(52.0,27.1),(29.5,16.2),(1.5,6.8),(22.0,44.4)...]"
WH_0059,75,48.91,50.57,49.94,58.06,3.39,50.7,283.9,"[(15.5,26.7),(45.2,7.2),(40.8,0.5),(68.7,40.4),(25.0,8.8)...]"
WH_0060,58,41.89,42.95,42.77,49.72,2.54,54.0,268.6,"[(2.0,28.9),(67.1,17.1),(52.3,4.2),(89.9,49.6),(16.4,6.4)...]"
WH_0061,61,49.27,51.19,50.31,58.49,3.9,62.0,264.3,"[(21.4,23.1),(58.5,19.5),(44.3,43.2),(3.4,46.5),(32.0,15.2)...]"
WH_0062,50,39.55,42.88,40.38,46.95,8.42,66.9,248.9,"[(30.1,43.0),(57.8,11.4),(49.8,11.0),(58.0,10.1),(28.7,46.1)...]"
WH_0063,49,46.28,48.93,47.26,54.94,5.71,69.5,342.5,"[(71.7,33.0),(94.3,20.1),(52.8,45.4),(54.0,31.9),(46.1,38.5)...]"
WH_0064,73,59.18,63.77,60.42,70.25,7.75,63.5,287.6,"[(6.4,36.6),(40.2,30.5),(2.3,41.0),(32.9,20.2),(53.7,11.1)...]"
WH_0065,80,57.85,60.9,59.07,68.67,5.27,47.0,279.9,"[(83.0,5.2),(41.9,11.9),(19.4,19.0),(28.5,23.8),(50.5,2.2)...]"
WH_0066,63,45.96,48.64,46.92,54.55,5.85,51.1,287.5,"[(89.1,39.6),(9.4,25.5),(98.9,6.4),(94.9,36.9),(7.8,19.8)...]"
WH_0067,76,56.63,59.43,57.82,67.22,4.95,48.1,327.7,"[(56.3,37.4),(94.5,23.5),(19.6,39.1),(64.2,37.3),(81.7,30.2)...]"
WH_0068,68,51.81,54.69,52.89,61.49,5.57,56.9,286.6,"[(25.2,21.1),(77.7,28.3),(95.7,18.3),(69.7,46.8),(59.6,2.7)...]"
WH_0069,56,43.06,45.54,43.96,51.11,5.76,63.4,317.8,"[(67.3,32.2),(38.7,38.1),(25.1,38.0),(16.6,44.3),(34.9,36.5)...]"
WH_0070,68,46.36,47.71,47.33,55.03,2.92,50.5,322.5,"[(50.4,6.0),(89.4,32.5),(93.6,28.4),(80.7,27.7),(63.6,1.6)...]"
WH_0071,82,63.58,64.85,64.91,75.46,2.0,71.9,284.2,"[(16.7,7.2),(2.8,26.1),(62.9,0.4),(97.6,15.8),(33.1,33.9)...]"
WH_0072,63,53.26,56.2,54.38,63.22,5.52,53.6,323.5,"[(17.8,17.2),(51.3,34.7),(81.4,38.0),(77.7,42.6),(78.9,48.6)...]"
WH_0073,82,49.88,52.25,50.93,59.21,4.76,50.5,243.6,"[(43.2,44.8),(45.3,40.1),(51.3,7.0),(71.3,38.8),(27.4,31.3)...]"
WH_0074,42,38.62,40.58,39.43,45.84,5.1,64.2,226.2,"[(1.4,14.3),(77.2,9.8),(87.5,0.6),(61.4,12.1),(18.8,33.9)...]"
WH_0075,73,52.12,54.17,53.22,61.87,3.94,45.2,304.7,"[(40.8,25.3),(70.5,48.3),(22.7,28.7),(79.5,44.5),(63.1,32.5)...]"
WH_0076,65,56.9,60.39,58.1,67.54,6.12,64.2,267.9,"[(20.2,36.8),(89.0,22.9),(85.9,28.5),(7.7,34.6),(10.6,29.6)...]"
WH_0077,60,48.99,50.5,50.02,58.15,3.08,67.8,313.3,"[(71.3,5.2),(4.0,39.5),(38.6,26.6),(40.6,14.6),(16.7,32.8)...]"
WH_0078,65,51.21,53.69,52.29,60.79,4.84,48.1,223.0,"[(94.4,43.8),(69.3,23.1),(94.0,14.0),(55.5,11.5),(60.0,43.7)...]"
WH_0079,42,39.44,42.34,40.27,46.82,7.35,66.3,253.0,"[(5.1,7.2),(95.4,8.9),(14.2,43.1),(70.8,19.6),(6.8,0.2)...]"
WH_0080,61,51.97,56.25,53.06,61.69,8.24,68.1,309.2,"[(76.4,15.4),(68.8,45.3),(32.3,43.5),(54.5,11.9),(14.7,4.1)...]"
WH_0081,68,59.35,60.54,60.6,70.45,2.0,68.2,349.8,"[(1.8,33.9),(21.6,23.6),(6.9,45.0),(57.0,16.8),(75.6,14.7)...]"
WH_0082,81,61.72,63.55,63.02,73.27,2.96,52.8,264.2,"[(63.0,49.2),(79.5,40.7),(78.2,8.2),(35.5,0.3),(57.4,2.1)...]"
WH_0083,57,42.01,44.56,42.89,49.86,6.07,70.0,327.4,"[(93.6,35.9),(16.5,5.6),(4.2,12.2),(45.4,14.9),(80.1,28.0)...]"
WH_0084,54,49.45,51.46,50.49,58.7,4.05,58.8,325.4,"[(33.4,32.7),(27.2,4.0),(54.9,12.1),(72.2,38.7),(99.3,26.4)...]"
WH_0085,57,52.65,56.61,53.76,62.5,7.53,46.0,298.7,"[(43.7,49.8),(12.4,3.8),(56.4,23.7),(95.2,40.1),(79.3,39.4)...]"
WH_0086,74,58.44,62.7,59.67,69.37,7.29,48.0,338.6,"[(48.5,38.8),(10.6,26.8),(27.8,39.9),(89.0,29.8),(55.0,15.7)...]"
WH_0087,67,55.52,57.05,56.69,65.9,2.76,50.9,237.8,"[(19.5,30.0),(61.3,7.8),(98.6,26.8),(88.2,11.5),(95.7,37.2)...]"
WH_0088,57,50.91,52.53,51.98,60.43,3.19,67.2,248.1,"[(55.1,29.6),(60.5,0.6),(70.6,0.1),(68.0,30.8),(29.2,9.5)...]"
WH_0089,70,59.08,62.54,60.32,70.13,5.86,60.4,259.8,"[(26.4,11.7),(20.9,36.8),(76.5,0.4),(94.8,27.0),(71.7,39.7)...]"
WH_0090,65,47.97,50.75,48.97,56.94,5.81,70.9,287.6,"[(21.8,47.6),(32.7,41.2),(62.8,24.1),(17.3,33.7),(25.9,21.7)...]"
WH_0091,75,49.03,51.56,50.06,58.2,5.15,67.9,290.2,"[(40.1,8.5),(52.1,14.3),(77.9,14.1),(34.0,33.7),(17.9,0.9)...]"
WH_0092,55,49.27,52.08,50.3,58.48,5.72,50.5,306.9,"[(41.4,27.2),(97.7,47.5),(58.2,31.3),(86.7,40.8),(95.3,32.7)...]"
WH_0093,60,47.64,48.71,48.64,56.55,2.24,50.7,254.5,"[(18.2,18.2),(61.3,3.6),(41.2,28.4),(65.4,27.9),(99.5,42.5)...]"
WH_0094,59,47.48,48.82,48.48,56.36,2.82,60.3,336.9,"[(9.5,5.2),(34.7,9.9),(3.7,24.0),(18.6,44.4),(74.7,28.3)...]"
WH_0095,46,41.73,44.05,42.61,49.53,5.55,51.8,263.4,"[(97.0,34.5),(63.4,43.5),(76.4,39.8),(8.4,17.3),(16.1,38.7)...]"
WH_0096,67,47.07,48.28,48.06,55.88,2.56,56.4,292.5,"[(47.1,43.7),(2.7,2.6),(9.2,44.5),(68.6,11.0),(42.9,33.9)...]"
WH_0097,67,48.46,49.96,49.48,57.53,3.08,47.1,256.0,"[(88.9,22.7),(32.6,15.8),(13.4,47.1),(48.9,42.5),(74.7,42.2)...]"
WH_0098,64,49.87,53.04,50.92,59.2,6.35,57.6,305.1,"[(24.9,12.9),(23.5,24.4),(19.3,32.6),(57.5,6.1),(32.8,8.8)...]"
WH_0099,61,55.01,59.37,56.16,65.29,7.93,58.5,347.6,"[(10.3,11.9),(25.4,45.9),(91.9,3.9),(67.0,21.4),(1.3,26.6)...]"
WH_0100,47,46.57,47.5,47.55,55.28,2.0,53.0,293.2,"[(83.1,41.1),(91.2,20.3),(25.4,49.2),(77.3,38.5),(26.5,48.3)...]"
WH_0101,58,47.94,52.26,48.95,56.91,9.0,59.0,221.1,"[(24.9,23.6),(81.7,15.5),(11.1,43.5),(82.9,8.5),(60.3,17.6)...]"
WH_0102,59,43.05,46.51,43.95,51.1,8.05,56.4,244.2,"[(0.2,43.0),(9.8,38.9),(10.2,12.3),(70.5,38.4),(20.5,0.6)...]"
WH_0103,54,40.69,43.41,41.54,48.29,6.69,71.2,320.5,"[(36.4,39.5),(12.9,26.5),(45.7,1.5),(27.2,2.0),(35.2,30.6)...]"
WH_0104,62,56.44,60.1,57.62,66.99,6.49,49.9,296.8,"[(24.3,24.8),(4.0,17.4),(98.5,20.0),(34.0,18.0),(31.2,41.3)...]"
WH_0105,68,57.09,60.68,58.29,67.77,6.29,70.1,341.2,"[(9.0,34.2),(73.4,10.9),(99.5,49.2),(81.9,42.1),(55.6,39.5)...]"
WH_0106,86,50.69,55.25,51.76,60.17,9.0,50.5,313.0,"[(96.9,22.3),(12.5,18.1),(16.1,0.8),(67.7,26.1),(54.1,16.8)...]"
WH_0107,66,50.43,52.65,51.49,59.87,4.4,59.4,222.6,"[(80.9,24.6),(45.3,10.4),(50.7,8.1),(3.3,2.1),(6.9,27.9)...]"
WH_0108,67,48.58,52.01,49.61,57.67,7.06,52.8,288.1,"[(15.9,7.4),(64.2,38.3),(71.7,37.2),(58.3,45.2),(14.3,0.4)...]"
WH_0109,63,43.38,46.11,44.29,51.49,6.31,68.0,228.8,"[(7.9,23.7),(11.8,47.7),(17.6,7.8),(77.5,9.5),(51.4,40.4)...]"
WH_0110,42,45.69,48.09,46.65,54.24,5.24,56.5,267.5,"[(99.3,32.2),(69.9,45.9),(16.2,19.1),(1.2,38.3),(17.1,29.9)...]"
WH_0111,63,54.88,56.32,56.04,65.15,2.62,66.5,312.3,"[(80.2,8.5),(52.9,40.9),(68.4,18.4),(62.3,14.7),(15.3,41.4)...]"
WH_0112,64,48.51,51.0,49.53,57.59,5.12,71.5,251.8,"[(52.7,35.4),(51.5,33.0),(8.7,5.7),(65.6,14.6),(91.1,6.5)...]"
WH_0113,87,51.88,54.74,52.96,61.58,5.52,69.3,284.4,"[(37.6,32.0),(30.1,3.0),(11.0,4.8),(49.0,1.9),(37.9,22.8)...]"
WH_0114,61,49.71,53.56,50.76,59.01,7.74,66.4,294.6,"[(94.1,3.6),(89.2,16.3),(57.6,11.6),(93.4,13.2),(32.3,11.1)...]"
WH_0115,67,49.57,53.22,50.61,58.84,7.36,62.4,225.8,"[(26.5,23.0),(66.8,10.5),(36.1,43.3),(54.5,20.9),(48.8,37.5)...]"
WH_0116,63,43.49,45.53,44.4,51.62,4.7,67.2,239.8,"[(54.2,41.7),(1.7,23.8),(77.9,49.4),(32.8,22.0),(47.2,32.5)...]"
WH_0117,49,49.58,52.52,50.62,58.85,5.94,65.2,340.6,"[(3.8,14.6),(71.9,39.6),(28.0,40.4),(71.4,23.2),(55.5,9.0)...]"
WH_0118,77,62.96,64.56,64.29,74.74,2.53,53.2,224.0,"[(64.7,32.6),(97.0,35.4),(34.5,38.9),(35.0,28.2),(54.3,20.1)...]"
WH_0119,73,46.69,50.01,47.67,55.42,7.11,62.5,257.7,"[(16.6,45.1),(39.5,45.4),(31.6,26.2),(9.7,30.4),(43.3,49.8)...]"
WH_0120,73,59.56,61.86,60.81,70.7,3.86,70.8,295.9,"[(84.5,46.4),(49.3,13.1),(49.8,11.6),(97.7,14.9),(94.7,22.1)...]"
WH_0121,53,43.69,45.12,44.61,51.87,3.26,57.1,266.3,"[(4.3,31.7),(96.9,33.9),(70.6,40.3),(33.6,33.1),(14.7,16.4)...]"
WH_0122,80,61.25,63.62,62.54,72.7,3.87,60.2,291.0,"[(68.2,14.7),(96.6,0.4),(36.3,14.8),(6.2,14.1),(89.8,44.5)...]"
WH_0123,47,44.65,47.58,45.59,53.0,6.56,69.3,346.2,"[(95.8,32.5),(74.8,19.9),(85.0,4.2),(35.4,14.5),(55.4,27.2)...]"
WH_0124,71,44.86,47.22,45.8,53.25,5.26,52.6,295.9,"[(66.7,20.2),(97.2,38.8),(83.2,47.7),(27.1,3.9),(42.7,26.8)...]"
WH_0125,87,54.92,59.32,56.08,65.19,8.01,68.0,341.1,"[(59.5,8.1),(77.7,49.0),(50.6,35.2),(50.9,37.7),(72.5,3.3)...]"
WH_0126,52,48.97,49.95,50.0,58.13,2.0,64.1,243.7,"[(93.0,28.1),(0.8,49.7),(92.2,22.8),(5.4,35.7),(26.6,39.6)...]"
WH_0127,57,50.59,53.19,51.66,60.06,5.13,52.8,265.7,"[(11.6,9.6),(83.8,35.5),(77.7,3.1),(32.7,45.9),(65.8,4.1)...]"
WH_0128,65,50.05,53.66,51.1,59.41,7.23,54.6,266.2,"[(34.3,28.4),(32.7,21.5),(24.3,0.9),(60.9,11.8),(90.0,14.2)...]"
WH_0129,57,45.27,48.84,46.22,53.73,7.88,67.7,272.2,"[(84.2,19.7),(74.6,21.4),(99.2,28.9),(61.4,23.1),(46.3,8.4)...]"
WH_0130,45,40.91,43.08,41.77,48.56,5.29,57.0,230.7,"[(43.0,37.3),(14.8,10.4),(4.8,43.8),(64.1,26.3),(6.4,44.5)...]"
WH_0131,64,56.31,60.78,57.49,66.84,7.95,51.1,251.2,"[(89.2,9.1),(86.9,34.3),(99.8,49.7),(58.5,23.4),(75.1,36.2)...]"
WH_0132,51,38.8,39.79,39.62,46.06,2.54,70.9,239.2,"[(57.5,33.0),(56.1,4.9),(76.9,28.0),(75.8,6.0),(67.1,10.6)...]"
WH_0133,69,53.67,57.99,54.8,63.71,8.03,56.5,240.0,"[(74.6,16.7),(63.6,42.0),(18.8,32.4),(17.1,35.5),(87.0,31.8)...]"
WH_0134,52,44.65,46.6,45.59,53.0,4.37,56.8,331.2,"[(97.6,25.8),(24.2,44.5),(71.8,49.5),(14.3,5.8),(32.9,6.5)...]"
WH_0135,82,61.99,65.3,63.29,73.58,5.34,59.5,222.1,"[(5.0,15.2),(88.2,37.1),(85.2,35.7),(50.6,14.7),(49.0,27.5)...]"
WH_0136,54,48.85,50.81,49.87,57.98,4.02,67.4,334.1,"[(25.1,37.5),(92.2,28.6),(92.6,15.6),(79.9,37.3),(98.2,10.3)...]"
WH_0137,60,48.51,51.2,49.52,57.58,5.55,52.0,337.2,"[(64.3,4.7),(89.0,15.3),(53.5,23.2),(27.7,24.9),(88.0,27.1)...]"
WH_0138,73,55.05,58.5,56.21,65.35,6.26,54.2,279.7,"[(42.9,0.1),(81.4,46.6),(38.9,27.7),(85.1,46.3),(63.7,16.7)...]"
WH_0139,49,37.82,40.88,38.62,44.9,8.07,70.7,348.1,"[(28.7,47.9),(35.4,13.3),(2.9,14.8),(98.2,9.9),(62.5,6.5)...]"
WH_0140,66,56.14,58.41,57.32,66.64,4.04,62.4,324.2,"[(42.2,19.8),(95.0,22.5),(3.5,46.1),(74.6,28.0),(64.3,2.3)...]"
WH_0141,79,54.56,55.69,55.71,64.77,2.07,54.7,220.1,"[(78.6,43.8),(19.1,6.2),(65.0,24.7),(20.0,22.9),(58.3,0.4)...]"
WH_0142,44,39.29,42.49,40.11,46.63,8.15,57.8,349.7,"[(80.4,29.8),(88.9,0.5),(96.9,44.0),(71.9,22.2),(54.9,46.6)...]"
WH_0143,66,53.4,54.46,54.52,63.38,2.0,58.4,276.8,"[(43.1,19.0),(72.6,30.1),(69.3,31.5),(20.4,23.8),(5.9,6.2)...]"
WH_0144,67,53.61,56.07,54.74,63.64,4.58,61.7,311.6,"[(39.3,3.6),(50.0,24.3),(52.9,29.9),(69.2,12.4),(71.1,38.6)...]"
WH_0145,73,61.07,62.29,62.35,72.49,2.0,53.8,261.6,"[(8.2,21.8),(35.6,26.8),(43.4,14.0),(26.1,8.2),(17.3,24.1)...]"
WH_0146,49,46.4,49.21,47.38,55.08,6.06,70.7,345.2,"[(32.6,7.6),(67.3,23.5),(53.1,34.5),(38.5,40.0),(14.9,24.7)...]"
WH_0147,48,49.58,52.58,50.62,58.85,6.05,61.8,326.2,"[(55.6,3.6),(60.7,2.3),(18.6,7.5),(69.5,19.2),(7.1,6.6)...]"
WH_0148,70,46.63,48.53,47.61,55.35,4.07,65.5,341.7,"[(65.2,16.3),(42.4,7.8),(22.8,35.4),(7.0,27.0),(53.6,42.7)...]"
WH_0149,67,51.07,53.55,52.14,60.62,4.85,56.5,312.6,"[(51.2,30.5),(0.3,30.5),(37.5,14.8),(11.2,41.7),(41.6,8.3)...]"
WH_0150,67,48.7,50.33,49.72,57.81,3.34,54.5,226.7,"[(64.6,29.8),(18.5,47.1),(20.6,30.5),(25.1,39.1),(17.9,33.6)...]"
WH_0151,68,58.4,61.9,59.63,69.32,5.99,63.6,237.3,"[(11.9,12.8),(19.3,21.8),(83.8,25.8),(6.3,4.8),(29.9,37.2)...]"
WH_0152,55,50.81,52.58,51.88,60.31,3.49,47.9,248.9,"[(50.2,43.9),(78.1,14.8),(21.9,49.9),(87.1,47.7),(5.3,47.0)...]"
WH_0153,66,56.11,57.91,57.29,66.61,3.19,58.7,246.5,"[(50.4,16.8),(83.0,35.8),(14.7,24.1),(54.8,31.3),(71.1,25.2)...]"
WH_0154,67,45.47,47.11,46.42,53.97,3.62,49.6,348.6,"[(76.3,6.8),(24.1,33.2),(70.7,26.1),(57.8,8.1),(98.6,26.8)...]"
WH_0155,55,52.17,54.04,53.27,61.93,3.58,47.6,253.4,"[(72.6,21.9),(4.9,4.7),(70.4,37.0),(41.2,40.0),(30.7,36.3)...]"
WH_0156,86,62.7,67.7,64.02,74.42,7.97,60.5,253.9,"[(95.7,10.6),(31.0,37.3),(33.0,32.3),(19.0,46.2),(80.7,8.4)...]"
WH_0157,69,45.38,48.9,46.34,53.87,7.76,53.4,271.7,"[(91.2,5.5),(1.8,43.3),(36.7,27.2),(72.9,2.0),(42.7,23.2)...]"
WH_0158,49,43.37,45.46,44.28,51.48,4.81,68.4,321.2,"[(70.0,37.6),(91.5,7.9),(8.8,17.1),(86.1,8.0),(79.3,38.3)...]"
WH_0159,71,49.64,52.56,50.69,58.93,5.87,48.8,314.2,"[(39.3,49.8),(84.6,47.3),(4.7,36.5),(78.2,27.9),(20.7,29.5)...]"
WH_0160,52,41.61,43.9,42.49,49.4,5.5,62.0,324.9,"[(51.5,29.3),(11.2,12.7),(65.2,40.9),(60.9,2.7),(51.6,35.0)...]"
WH_0161,73,60.4,65.09,61.67,71.69,7.77,70.0,346.7,"[(96.6,19.2),(45.5,29.3),(78.6,36.3),(91.7,31.8),(68.3,35.7)...]"
WH_0162,77,62.19,64.9,63.5,73.82,4.35,59.7,300.0,"[(89.8,13.2),(31.7,11.5),(96.3,32.9),(81.2,5.8),(83.7,19.4)...]"
WH_0163,54,45.18,46.82,46.13,53.63,3.63,62.8,251.6,"[(93.3,25.1),(93.2,0.8),(57.2,45.0),(29.8,41.3),(99.7,8.7)...]"
WH_0164,75,60.99,63.26,62.27,72.4,3.72,45.3,333.1,"[(93.9,16.9),(1.1,48.2),(0.6,1.1),(50.5,38.4),(48.8,48.3)...]"
WH_0165,68,48.21,51.68,49.22,57.23,7.2,68.6,240.2,"[(21.9,10.2),(45.6,25.2),(85.2,35.6),(82.4,38.7),(89.2,0.0)...]"
WH_0166,73,49.43,52.56,50.47,58.67,6.35,65.0,321.5,"[(82.3,34.9),(25.5,37.6),(42.7,49.1),(90.1,0.3),(45.5,31.7)...]"
WH_0167,86,58.34,60.66,59.57,69.25,3.97,53.0,340.5,"[(39.7,46.9),(38.4,21.4),(65.8,36.2),(9.3,41.5),(73.6,44.9)...]"
WH_0168,61,53.88,56.81,55.01,63.96,5.44,51.8,237.4,"[(42.9,7.1),(93.9,33.7),(99.1,19.6),(52.7,20.0),(28.8,38.2)...]"
WH_0169,54,44.77,47.46,45.71,53.15,5.99,62.9,337.6,"[(19.3,1.0),(97.1,3.3),(54.9,22.9),(18.3,36.9),(84.1,7.9)...]"
WH_0170,53,44.74,46.94,45.68,53.11,4.91,52.7,232.4,"[(17.9,13.9),(48.3,4.7),(90.9,14.0),(32.3,16.1),(96.8,48.4)...]"
WH_0171,54,41.92,43.3,42.81,49.76,3.29,68.9,252.8,"[(89.2,32.3),(1.1,7.3),(0.2,17.1),(82.7,45.5),(99.7,45.6)...]"
WH_0172,63,42.33,45.69,43.22,50.24,7.94,47.6,246.9,"[(45.3,45.9),(63.9,5.5),(87.7,11.9),(52.5,11.7),(37.4,49.8)...]"
WH_0173,68,56.25,60.45,57.43,66.77,7.46,58.7,256.1,"[(34.8,11.6),(54.1,0.7),(29.4,32.7),(27.6,24.7),(86.9,39.1)...]"
WH_0174,67,48.8,50.83,49.83,57.93,4.16,64.6,308.9,"[(30.3,11.1),(22.4,19.5),(14.5,25.8),(18.4,25.3),(6.3,37.7)...]"
WH_0175,73,54.05,56.42,55.18,64.15,4.39,46.3,305.1,"[(61.9,23.8),(61.8,15.4),(68.3,25.4),(38.5,25.1),(86.9,30.5)...]"
WH_0176,64,50.74,52.05,51.81,60.23,2.59,47.3,336.4,"[(7.7,30.7),(5.8,31.1),(48.5,2.3),(95.8,30.4),(42.7,18.7)...]"
WH_0177,81,51.97,53.43,53.06,61.69,2.81,65.9,304.3,"[(79.0,17.9),(97.2,35.8),(60.8,28.9),(52.2,48.1),(51.9,19.3)...]"
WH_0178,60,49.3,51.09,50.34,58.52,3.63,45.8,301.6,"[(61.2,13.6),(66.8,0.3),(23.7,6.9),(44.5,22.0),(63.3,7.3)...]"
WH_0179,87,65.88,68.01,67.26,78.19,3.25,53.2,284.7,"[(39.5,14.7),(1.0,39.8),(67.4,20.1),(71.2,33.3),(62.9,46.7)...]"
WH_0180,71,55.56,58.02,56.72,65.94,4.43,59.5,301.9,"[(18.5,36.2),(46.7,31.6),(83.6,39.8),(87.3,22.4),(4.9,6.1)...]"
WH_0181,53,38.86,40.83,39.68,46.13,5.07,64.4,304.7,"[(59.7,35.0),(66.6,7.0),(20.0,32.9),(26.9,38.3),(44.0,28.6)...]"
WH_0182,51,38.66,40.89,39.47,45.88,5.79,53.8,314.5,"[(14.4,48.5),(59.5,17.9),(13.1,47.9),(40.1,1.9),(56.9,46.3)...]"
WH_0183,69,46.45,49.33,47.42,55.13,6.22,54.7,334.1,"[(92.3,19.4),(63.7,45.3),(95.2,42.8),(9.2,25.8),(6.1,11.9)...]"
WH_0184,61,45.41,47.59,46.37,53.91,4.8,60.7,311.8,"[(12.0,23.6),(61.7,29.0),(60.1,11.0),(86.0,26.3),(0.3,0.6)...]"
WH_0185,72,55.58,58.2,56.74,65.97,4.73,67.1,270.4,"[(3.3,35.7),(56.7,30.4),(17.0,46.8),(14.0,21.1),(62.3,40.4)...]"
WH_0186,69,58.23,60.53,59.45,69.12,3.96,69.1,234.4,"[(60.3,34.6),(21.0,10.7),(41.7,46.7),(92.8,25.8),(56.6,23.0)...]"
WH_0187,63,46.11,47.9,47.08,54.73,3.88,53.9,275.1,"[(79.7,23.2),(44.7,36.5),(32.4,41.7),(73.9,27.3),(61.4,23.7)...]"
WH_0188,53,43.75,45.17,44.67,51.93,3.25,62.9,264.4,"[(65.5,42.6),(27.3,6.0),(5.1,44.9),(37.3,4.0),(85.6,17.4)...]"
WH_0189,45,44.07,45.26,44.99,52.31,2.72,48.4,274.4,"[(34.7,42.2),(73.4,26.7),(31.0,47.2),(20.1,3.9),(80.8,25.7)...]"
WH_0190,58,40.74,41.77,41.6,48.36,2.52,62.8,220.0,"[(98.7,2.7),(28.5,22.8),(53.1,37.3),(74.3,29.2),(1.3,8.8)...]"
WH_0191,74,46.77,49.06,47.75,55.51,4.91,59.7,266.5,"[(6.3,44.6),(40.8,36.1),(84.1,5.3),(14.5,2.7),(55.5,40.2)...]"
WH_0192,66,51.82,54.5,52.91,61.51,5.17,61.2,294.7,"[(69.0,32.4),(47.1,2.9),(32.9,40.9),(26.5,28.3),(92.6,42.4)...]"
WH_0193,49,40.06,42.17,40.9,47.55,5.26,62.2,290.6,"[(8.2,9.8),(67.0,45.4),(47.0,46.6),(43.8,2.6),(86.0,29.7)...]"
WH_0194,66,54.73,55.82,55.88,64.96,2.0,66.3,284.9,"[(47.3,7.9),(44.3,50.0),(49.8,14.8),(43.4,20.3),(54.1,43.6)...]"
WH_0195,68,45.82,47.81,46.78,54.39,4.35,66.1,269.5,"[(9.6,36.9),(38.1,41.5),(93.2,5.2),(23.0,29.3),(32.0,7.1)...]"
WH_0196,53,43.05,45.26,43.96,51.1,5.12,62.9,240.5,"[(9.6,40.4),(56.8,30.6),(28.0,32.4),(66.0,48.6),(65.8,30.9)...]"
WH_0197,65,54.42,56.55,55.57,64.6,3.91,52.3,258.4,"[(30.9,10.5),(70.3,17.8),(65.1,39.1),(9.1,32.2),(57.7,16.3)...]"
WH_0198,64,48.53,51.41,49.55,57.61,5.93,47.0,317.3,"[(50.8,35.7),(13.4,43.1),(38.5,33.1),(18.2,1.5),(26.5,42.9)...]"
WH_0199,50,48.24,51.64,49.25,57.26,7.04,71.3,239.2,"[(6.4,28.0),(18.6,25.3),(41.7,32.5),(46.3,37.7),(40.6,27.7)...]"
WH_0200,68,54.82,57.63,55.97,65.07,5.14,63.9,331.1,"[(39.5,40.2),(66.5,49.9),(30.5,3.1),(26.7,21.6),(81.4,1.3)...]"
WH_0201,70,58.2,61.27,59.43,69.09,5.26,71.5,310.3,"[(8.7,36.3),(10.8,14.1),(64.1,29.4),(95.4,7.2),(46.6,20.2)...]"
WH_0202,76,47.61,51.79,48.61,56.51,8.79,67.7,344.9,"[(60.1,20.3),(40.9,44.4),(90.2,10.8),(29.6,32.2),(0.9,6.7)...]"
WH_0203,76,48.62,50.91,49.64,57.71,4.72,67.4,283.9,"[(40.6,2.9),(22.5,8.4),(1.9,20.7),(23.7,18.6),(70.0,20.9)...]"
WH_0204,47,48.93,51.3,49.96,58.08,4.84,69.0,323.3,"[(64.2,8.5),(41.1,14.7),(34.6,1.0),(22.2,23.6),(77.1,38.4)...]"
WH_0205,52,44.14,45.06,45.07,52.4,2.09,60.8,273.1,"[(69.5,49.4),(57.4,39.7),(12.1,19.0),(16.6,28.8),(82.0,31.2)...]"
WH_0206,70,48.18,50.41,49.19,57.19,4.64,45.8,330.2,"[(65.4,24.0),(95.2,47.2),(52.9,1.2),(78.7,35.6),(75.3,20.5)...]"
WH_0207,70,60.07,61.69,61.33,71.31,2.69,50.8,254.9,"[(32.6,45.0),(68.1,45.1),(94.8,6.4),(56.5,10.2),(39.7,20.4)...]"
WH_0208,70,53.26,55.72,54.38,63.22,4.62,71.8,238.9,"[(51.1,47.3),(33.6,5.2),(45.5,17.1),(16.6,6.7),(32.7,41.8)...]"
WH_0209,87,58.13,61.55,59.35,69.0,5.9,52.4,326.7,"[(10.0,9.1),(43.8,23.4),(56.3,28.4),(29.4,22.6),(30.3,45.9)...]"
WH_0210,70,45.21,46.95,46.16,53.67,3.84,47.5,236.1,"[(61.2,38.2),(37.3,3.9),(4.1,29.5),(23.2,27.5),(88.9,30.5)...]"
WH_0211,77,56.59,61.68,57.78,67.17,8.99,57.0,288.1,"[(43.1,2.3),(29.1,23.4),(80.7,21.3),(47.4,18.0),(48.5,39.1)...]"
WH_0212,75,57.91,60.83,59.13,68.74,5.05,50.7,280.9,"[(39.8,2.7),(71.7,44.5),(87.7,15.3),(84.1,6.9),(78.6,4.4)...]"
WH_0213,71,51.15,52.34,52.23,60.72,2.32,46.6,336.6,"[(65.4,43.3),(53.9,25.5),(60.8,30.4),(54.6,37.9),(19.9,21.3)...]"
WH_0214,60,46.48,49.16,47.45,55.17,5.77,58.3,266.7,"[(53.4,37.2),(13.5,29.7),(5.3,3.9),(12.0,44.5),(47.1,30.8)...]"
WH_0215,73,54.95,56.54,56.1,65.22,2.89,63.3,298.2,"[(55.3,6.5),(23.9,43.0),(63.5,33.2),(85.4,35.5),(22.4,46.8)...]"
WH_0216,54,51.55,53.12,52.63,61.19,3.05,48.1,268.0,"[(16.7,39.7),(88.5,0.7),(68.0,44.0),(36.3,47.7),(68.4,28.8)...]"
WH_0217,61,52.11,54.92,53.2,61.85,5.4,63.2,313.8,"[(36.4,14.0),(12.2,43.6),(9.8,44.8),(38.5,32.5),(99.2,38.6)...]"
WH_0218,58,46.46,49.41,47.43,55.14,6.35,50.8,331.8,"[(26.1,46.1),(58.3,29.5),(84.2,38.7),(29.6,19.9),(89.7,49.6)...]"
WH_0219,64,51.26,54.09,52.33,60.84,5.53,69.5,235.2,"[(74.9,38.7),(35.4,17.8),(68.2,0.4),(18.4,36.7),(38.2,50.0)...]"
WH_0220,87,55.75,58.86,56.92,66.18,5.57,53.9,317.4,"[(14.5,31.6),(8.3,49.3),(93.5,16.9),(47.5,48.6),(6.4,7.3)...]"
WH_0221,42,44.81,47.48,45.75,53.19,5.95,67.3,257.4,"[(7.5,48.1),(86.0,43.0),(81.6,42.5),(76.6,41.1),(30.9,15.5)...]"
WH_0222,72,51.61,53.04,52.69,61.26,2.78,47.9,326.8,"[(40.5,40.9),(57.0,12.4),(51.9,15.4),(3.9,42.3),(9.9,24.6)...]"
WH_0223,44,40.36,42.48,41.2,47.9,5.25,62.3,326.1,"[(21.2,5.2),(71.3,42.9),(17.9,4.2),(1.7,10.7),(16.0,11.5)...]"
WH_0224,58,48.99,50.65,50.02,58.15,3.38,65.1,318.9,"[(28.9,13.8),(98.1,22.3),(43.9,10.6),(29.6,2.5),(34.8,25.8)...]"
WH_0225,77,50.73,52.49,51.8,60.22,3.46,45.6,291.3,"[(71.6,4.8),(72.6,3.7),(5.9,4.4),(53.4,28.6),(78.3,19.9)...]"
WH_0226,64,51.7,54.53,52.79,61.37,5.48,59.5,241.4,"[(22.4,36.7),(7.9,44.6),(73.0,8.2),(49.8,36.3),(79.6,22.3)...]"
WH_0227,51,38.77,40.67,39.58,46.01,4.92,51.3,266.2,"[(23.8,30.5),(6.7,38.8),(6.6,27.6),(1.4,3.0),(22.0,35.3)...]"
WH_0228,55,49.42,51.83,50.46,58.66,4.87,58.0,339.1,"[(14.5,45.7),(19.5,43.4),(77.5,44.8),(26.2,3.1),(44.9,42.0)...]"
WH_0229,72,47.42,48.38,48.41,56.28,2.04,70.3,275.6,"[(57.5,13.6),(13.5,23.7),(54.8,0.9),(18.1,2.6),(76.8,0.8)...]"
WH_0230,55,52.08,53.42,53.18,61.82,2.56,46.4,230.9,"[(69.0,37.1),(60.2,10.4),(14.1,42.4),(94.0,21.0),(34.6,10.8)...]"
WH_0231,66,48.34,49.59,49.35,57.38,2.6,56.9,345.3,"[(69.9,1.7),(19.1,42.1),(31.7,11.8),(13.6,19.7),(33.2,18.6)...]"
WH_0232,64,48.69,51.9,49.71,57.79,6.59,55.1,306.6,"[(62.6,18.3),(94.9,27.6),(72.2,16.4),(72.5,43.8),(59.2,43.2)...]"
WH_0233,56,50.26,53.4,51.32,59.66,6.24,56.6,242.3,"[(35.8,47.7),(2.0,26.8),(43.9,49.8),(22.4,7.1),(2.9,43.1)...]"
WH_0234,87,59.63,62.11,60.88,70.78,4.16,70.2,264.9,"[(98.6,9.2),(17.7,31.3),(56.8,48.5),(56.9,26.1),(37.3,9.4)...]"
WH_0235,71,59.23,62.18,60.47,70.31,4.98,63.4,273.8,"[(18.6,23.6),(94.2,4.7),(46.1,30.1),(41.7,42.8),(26.8,36.9)...]"
WH_0236,42,41.31,44.41,42.18,49.04,7.5,45.7,345.6,"[(64.7,31.8),(25.8,26.6),(43.5,9.2),(21.0,6.2),(3.8,24.3)...]"
WH_0237,66,52.42,55.67,53.52,62.22,6.21,48.0,267.4,"[(34.1,42.3),(69.5,45.2),(81.0,11.1),(27.9,3.0),(74.9,4.5)...]"
WH_0238,56,51.38,56.01,52.46,60.99,9.0,66.3,324.0,"[(17.9,42.5),(33.1,41.1),(95.1,23.5),(68.3,10.6),(0.8,45.5)...]"
WH_0239,74,48.75,49.73,49.78,57.87,2.0,63.8,290.9,"[(9.5,14.3),(82.2,6.2),(21.4,14.4),(2.6,36.4),(21.8,12.1)...]"
WH_0240,54,48.99,51.5,50.02,58.16,5.11,56.5,244.9,"[(1.8,6.6),(74.4,8.6),(18.9,43.2),(82.5,26.4),(35.5,35.3)...]"
WH_0241,62,51.32,54.71,52.39,60.91,6.61,58.9,259.0,"[(8.0,24.7),(67.2,3.4),(31.7,32.0),(22.9,21.6),(38.0,20.6)...]"
WH_0242,70,53.46,57.69,54.58,63.46,7.92,71.0,302.8,"[(64.4,11.4),(90.8,28.0),(0.7,44.1),(13.4,23.3),(12.0,25.3)...]"
WH_0243,74,56.24,59.34,57.42,66.76,5.51,47.3,235.3,"[(44.0,48.0),(71.6,15.9),(82.5,32.2),(59.1,15.8),(87.2,5.5)...]"
WH_0244,49,39.32,41.36,40.15,46.68,5.19,58.0,256.9,"[(5.2,19.8),(53.2,11.9),(62.3,46.9),(40.4,20.3),(79.8,32.7)...]"
WH_0245,59,53.71,58.54,54.83,63.75,9.0,69.9,286.7,"[(99.3,14.8),(58.0,21.4),(56.6,48.2),(22.1,32.7),(40.9,39.1)...]"
WH_0246,58,44.48,47.19,45.42,52.8,6.09,70.2,301.3,"[(83.8,3.9),(32.4,36.1),(97.7,27.7),(7.9,6.4),(72.5,30.7)...]"
WH_0247,56,45.47,46.58,46.43,53.98,2.43,46.9,268.0,"[(48.4,10.0),(58.0,15.9),(74.8,24.2),(15.5,41.9),(86.5,15.7)...]"
WH_0248,85,57.67,61.09,58.88,68.45,5.94,60.9,321.7,"[(52.4,6.3),(56.2,0.1),(60.1,8.9),(54.9,41.2),(24.6,40.1)...]"
WH_0249,68,57.79,60.26,59.01,68.6,4.28,64.0,268.3,"[(22.7,38.9),(12.8,49.0),(48.3,4.4),(15.8,41.1),(69.4,18.9)...]"
WH_0250,48,41.78,43.62,42.66,49.59,4.42,57.5,241.3,"[(31.8,15.2),(67.1,33.9),(33.3,35.6),(57.3,33.8),(29.9,47.3)...]"
WH_0251,75,55.73,59.02,56.9,66.15,5.91,59.8,326.2,"[(39.2,14.2),(72.7,0.5),(21.7,14.2),(18.2,19.0),(37.6,4.6)...]"
WH_0252,87,61.08,63.47,62.36,72.5,3.91,48.2,257.9,"[(81.5,6.3),(8.7,14.8),(60.7,29.9),(48.3,42.3),(94.6,19.3)...]"
WH_0253,76,56.1,60.26,57.28,66.59,7.42,63.3,334.4,"[(65.7,20.9),(82.6,13.0),(32.1,5.9),(79.9,42.6),(67.8,43.9)...]"
WH_0254,45,36.96,38.93,37.74,43.87,5.32,61.6,264.2,"[(88.7,23.8),(40.8,5.3),(13.7,5.3),(63.0,48.2),(87.4,49.0)...]"
WH_0255,58,52.47,55.85,53.58,62.29,6.43,66.8,295.3,"[(80.4,47.9),(59.0,19.4),(38.8,43.9),(98.4,38.1),(6.6,17.0)...]"
WH_0256,79,61.87,64.26,63.17,73.44,3.86,52.2,249.1,"[(64.7,24.7),(4.0,18.2),(36.7,46.2),(26.3,16.6),(15.0,26.9)...]"
WH_0257,55,51.53,55.74,52.61,61.17,8.16,64.8,259.0,"[(24.7,2.8),(53.8,5.3),(29.1,13.8),(14.7,11.0),(99.5,43.7)...]"
WH_0258,69,53.78,55.51,54.91,63.84,3.21,47.2,228.5,"[(96.8,19.5),(86.5,41.9),(29.0,47.1),(67.5,20.9),(71.8,23.0)...]"
WH_0259,73,58.26,59.42,59.48,69.15,2.0,70.1,309.0,"[(30.5,36.8),(43.0,41.8),(27.5,35.8),(65.1,32.0),(19.5,11.4)...]"
WH_0260,52,39.9,40.69,40.73,47.36,2.0,68.1,247.3,"[(62.1,5.4),(75.8,29.2),(56.1,42.4),(15.9,47.7),(31.9,43.0)...]"
WH_0261,63,49.54,51.99,50.58,58.81,4.94,59.2,246.6,"[(64.3,20.9),(51.6,45.8),(54.4,2.1),(19.5,40.1),(63.5,6.8)...]"
WH_0262,42,41.14,44.18,42.0,48.83,7.39,60.8,252.3,"[(72.1,2.3),(42.2,33.0),(74.2,29.4),(40.9,33.1),(10.9,25.3)...]"
WH_0263,51,45.05,46.9,46.0,53.48,4.09,51.8,290.7,"[(79.4,8.6),(49.7,13.3),(0.7,25.1),(59.1,41.9),(79.8,14.2)...]"
WH_0264,60,45.47,48.51,46.43,53.98,6.68,46.9,334.3,"[(7.9,16.4),(53.2,38.4),(30.4,8.7),(38.3,19.1),(79.1,1.5)...]"
WH_0265,49,46.79,50.71,47.78,55.54,8.36,57.6,222.2,"[(59.4,45.7),(53.5,5.4),(13.1,37.2),(48.9,29.0),(39.9,17.9)...]"
WH_0266,83,60.94,63.74,62.22,72.33,4.61,56.5,290.7,"[(54.3,43.5),(62.5,9.3),(98.1,22.3),(4.1,2.2),(51.2,2.0)...]"
WH_0267,46,38.56,40.18,39.37,45.77,4.19,58.5,287.1,"[(92.4,25.1),(63.2,40.2),(64.3,13.3),(78.5,8.5),(11.5,37.7)...]"
WH_0268,58,43.95,44.83,44.87,52.17,2.0,60.0,327.8,"[(22.5,19.3),(51.6,49.1),(48.2,45.0),(20.9,9.7),(98.8,25.3)...]"
WH_0269,65,56.63,58.95,57.82,67.22,4.09,64.2,326.0,"[(87.3,18.2),(28.7,20.1),(10.4,1.2),(23.3,29.5),(94.5,6.1)...]"
WH_0270,81,60.48,61.94,61.75,71.78,2.43,70.2,240.6,"[(47.8,34.0),(18.1,44.8),(27.1,21.1),(41.9,28.0),(36.5,11.4)...]"
WH_0271,46,48.24,50.89,49.25,57.26,5.51,51.3,341.5,"[(46.6,44.1),(31.5,29.3),(35.7,39.5),(40.6,22.5),(95.2,5.2)...]"
WH_0272,77,53.55,54.83,54.67,63.56,2.4,64.7,306.8,"[(75.6,17.8),(27.3,15.6),(0.6,44.0),(79.9,12.8),(42.4,17.7)...]"
WH_0273,64,53.85,58.69,54.98,63.92,9.0,50.7,301.8,"[(22.7,31.7),(16.3,34.5),(78.4,39.3),(95.6,29.7),(76.8,12.6)...]"
WH_0274,52,38.6,41.72,39.41,45.81,8.1,48.6,254.3,"[(77.1,30.4),(88.5,44.2),(73.7,29.8),(57.6,22.3),(67.3,39.8)...]"
WH_0275,69,45.86,48.78,46.82,54.43,6.38,56.1,308.9,"[(72.1,7.3),(47.6,30.7),(75.8,23.5),(48.7,44.8),(55.6,26.0)...]"
WH_0276,66,56.36,58.4,57.55,66.9,3.62,60.1,267.3,"[(16.6,17.8),(53.9,21.9),(12.7,33.6),(53.6,48.4),(24.4,44.5)...]"
WH_0277,56,44.37,46.92,45.3,52.67,5.75,46.2,269.3,"[(48.2,39.8),(84.2,17.3),(85.3,6.9),(84.6,23.3),(59.7,19.6)...]"
WH_0278,64,50.21,51.61,51.26,59.6,2.79,51.2,286.9,"[(80.8,17.2),(29.5,41.3),(93.1,11.3),(95.6,4.3),(81.6,30.2)...]"
WH_0279,59,43.91,46.05,44.83,52.12,4.87,56.5,275.3,"[(68.3,15.8),(8.6,11.2),(87.0,48.5),(59.4,40.1),(99.0,31.5)...]"
WH_0280,65,51.66,53.72,52.74,61.32,3.98,66.0,283.8,"[(20.9,12.8),(94.7,19.1),(0.4,29.0),(89.2,36.6),(73.7,30.3)...]"
WH_0281,71,54.49,56.91,55.63,64.67,4.44,52.3,306.3,"[(83.1,20.7),(13.1,0.3),(73.4,39.5),(94.3,44.0),(33.2,8.7)...]"
WH_0282,83,53.95,58.66,55.08,64.04,8.73,47.6,233.7,"[(37.1,14.2),(21.9,46.9),(40.9,30.3),(76.3,37.3),(47.6,45.1)...]"
WH_0283,49,42.7,44.58,43.6,50.69,4.39,65.6,321.0,"[(13.6,17.7),(61.5,29.7),(10.6,32.3),(57.0,35.3),(58.8,41.1)...]"
WH_0284,87,60.92,63.11,62.2,72.31,3.6,56.4,325.5,"[(72.6,21.8),(3.9,46.4),(13.3,14.8),(93.6,39.7),(8.1,7.9)...]"
WH_0285,42,42.7,44.33,43.6,50.69,3.8,47.9,328.4,"[(43.2,35.9),(57.2,40.1),(32.1,37.7),(70.4,33.8),(65.5,2.4)...]"
WH_0286,62,50.8,54.33,51.87,60.3,6.94,63.7,293.9,"[(76.2,23.8),(68.4,4.9),(91.1,8.7),(48.9,3.1),(12.8,28.0)...]"
WH_0287,71,58.41,62.38,59.63,69.33,6.8,52.5,302.8,"[(51.4,10.9),(22.8,19.0),(23.6,26.5),(76.8,48.8),(1.9,26.8)...]"
WH_0288,67,57.04,60.31,58.24,67.7,5.74,63.4,262.3,"[(71.4,43.9),(38.3,15.5),(81.2,19.3),(0.3,19.4),(59.5,36.7)...]"
WH_0289,56,40.69,41.98,41.55,48.3,3.17,49.8,297.6,"[(87.1,14.9),(59.8,5.0),(84.9,22.3),(46.9,30.6),(50.1,46.5)...]"
WH_0290,61,42.46,44.44,43.35,50.4,4.66,48.8,257.8,"[(59.2,10.3),(4.3,38.7),(44.3,11.2),(53.0,4.6),(26.8,29.9)...]"
WH_0291,58,49.87,52.27,50.91,59.19,4.83,53.3,269.7,"[(97.6,1.3),(96.6,22.8),(82.8,16.3),(23.3,49.4),(44.2,43.4)...]"
WH_0292,56,45.96,48.03,46.92,54.55,4.52,52.8,261.5,"[(49.8,20.1),(60.0,30.8),(58.4,19.1),(63.1,15.6),(84.5,17.7)...]"
WH_0293,74,46.75,50.83,47.73,55.49,8.73,60.0,325.5,"[(0.4,2.5),(96.4,1.4),(51.7,7.4),(57.3,33.4),(66.6,24.7)...]"
WH_0294,68,57.7,60.74,58.91,68.49,5.27,50.8,235.2,"[(84.5,35.2),(23.3,4.0),(46.0,47.7),(63.5,9.8),(97.8,33.0)...]"
WH_0295,55,51.91,56.58,53.0,61.62,9.0,62.6,229.2,"[(36.4,31.3),(59.2,12.8),(86.7,38.6),(96.6,25.3),(75.1,4.3)...]"
WH_0296,74,54.81,56.93,55.97,65.07,3.86,57.2,340.2,"[(1.8,18.1),(93.8,39.4),(27.2,31.3),(38.0,31.0),(68.2,24.4)...]"
WH_0297,67,58.5,60.48,59.72,69.43,3.38,69.5,315.5,"[(75.4,0.3),(76.5,37.5),(27.0,40.5),(43.4,45.1),(48.7,31.3)...]"
WH_0298,73,47.28,48.52,48.27,56.12,2.62,56.1,297.2,"[(97.2,42.5),(89.3,49.5),(21.5,20.8),(76.0,40.5),(4.9,31.4)...]"
WH_0299,71,46.54,50.73,47.52,55.24,9.0,48.4,299.5,"[(3.2,34.0),(56.7,24.1),(30.7,47.1),(88.7,34.0),(53.3,44.7)...]"
WH_0300,54,46.55,49.21,47.53,55.26,5.71,57.3,262.2,"[(59.8,2.8),(14.7,20.1),(40.4,34.8),(75.5,1.5),(1.7,11.8)...]"
WH_0301,57,53.19,54.84,54.31,63.14,3.11,59.8,239.6,"[(83.4,23.9),(50.5,15.8),(9.2,25.8),(29.6,17.8),(97.3,17.2)...]"
WH_0302,72,57.83,62.86,59.05,68.65,8.69,45.8,334.6,"[(21.7,29.4),(28.6,36.2),(38.5,17.8),(91.6,10.9),(36.8,10.7)...]"
WH_0303,71,60.61,64.85,61.88,71.94,7.0,71.7,227.9,"[(45.2,49.4),(19.1,34.9),(75.2,16.1),(32.3,7.6),(25.3,19.6)...]"
WH_0304,63,51.54,55.71,52.62,61.17,8.09,47.0,229.1,"[(7.4,4.8),(56.1,31.0),(35.9,47.2),(9.7,36.1),(30.6,10.7)...]"
WH_0305,65,45.0,47.86,45.95,53.42,6.35,55.8,328.1,"[(62.2,30.0),(59.1,34.9),(4.1,21.6),(46.0,46.3),(43.6,25.1)...]"
WH_0306,79,55.27,56.68,56.43,65.61,2.55,70.1,221.5,"[(50.5,8.1),(65.4,42.5),(59.7,23.0),(63.8,32.7),(23.0,28.3)...]"
WH_0307,56,41.88,44.39,42.75,49.71,6.01,57.3,284.2,"[(36.5,18.7),(76.1,5.2),(15.4,38.1),(7.8,39.3),(63.1,41.8)...]"
WH_0308,70,45.2,46.1,46.15,53.65,2.0,49.7,304.5,"[(66.1,33.1),(23.5,7.5),(28.1,0.9),(68.4,19.8),(53.8,16.1)...]"
WH_0309,61,46.3,50.47,47.27,54.96,9.0,56.0,320.7,"[(16.0,30.1),(48.2,46.6),(69.9,8.5),(30.8,25.8),(66.9,7.9)...]"
WH_0310,61,42.68,43.53,43.58,50.66,2.0,56.2,328.9,"[(93.1,24.7),(8.6,9.1),(80.0,38.4),(12.9,46.0),(8.0,17.1)...]"
WH_0311,77,50.67,52.19,51.74,60.15,3.0,49.8,285.1,"[(31.5,18.3),(48.2,20.6),(48.9,20.2),(61.8,40.8),(88.4,10.9)...]"
WH_0312,73,49.01,51.17,50.04,58.18,4.4,59.9,308.9,"[(95.4,5.6),(57.8,34.1),(40.8,10.8),(24.3,23.8),(19.6,2.5)...]"
WH_0313,73,50.59,54.08,51.65,60.05,6.9,61.4,271.5,"[(31.4,6.4),(54.9,0.9),(34.1,29.1),(69.7,39.5),(98.8,27.7)...]"
WH_0314,79,61.75,66.71,63.05,73.3,8.03,67.0,275.1,"[(82.3,24.1),(93.0,16.7),(0.6,46.8),(7.9,5.1),(67.5,46.3)...]"
WH_0315,64,53.42,56.18,54.55,63.41,5.16,61.6,247.1,"[(47.3,12.7),(26.5,28.2),(28.9,20.3),(98.1,17.3),(88.9,15.5)...]"
WH_0316,72,52.03,54.15,53.12,61.76,4.06,46.0,278.9,"[(4.1,4.3),(13.9,23.3),(27.2,3.8),(88.2,4.3),(85.6,24.4)...]"
WH_0317,60,45.82,47.71,46.78,54.38,4.13,56.2,281.0,"[(48.0,35.6),(66.6,40.8),(51.6,10.1),(86.2,49.8),(36.8,23.8)...]"
WH_0318,67,55.37,59.46,56.54,65.73,7.38,45.8,257.6,"[(75.2,20.5),(48.0,15.7),(9.1,3.9),(20.6,1.9),(18.8,8.7)...]"
WH_0319,62,44.79,47.31,45.73,53.16,5.63,56.4,277.2,"[(12.9,21.3),(75.5,42.6),(50.3,3.7),(20.5,40.5),(75.0,8.7)...]"
WH_0320,65,56.4,61.46,57.58,66.94,8.98,64.8,344.9,"[(94.5,5.4),(86.1,0.5),(86.5,43.5),(40.7,29.3),(10.7,21.1)...]"
WH_0321,71,53.53,55.11,54.65,63.54,2.95,70.4,240.2,"[(76.1,46.2),(29.8,42.3),(54.8,19.9),(45.8,38.2),(56.6,15.7)...]"
WH_0322,54,40.49,41.3,41.34,48.06,2.0,45.0,294.8,"[(38.8,11.6),(25.7,6.6),(54.9,15.1),(73.6,42.8),(81.7,39.4)...]"
WH_0323,87,61.43,63.81,62.72,72.92,3.88,59.8,278.0,"[(30.2,50.0),(1.8,40.0),(86.0,12.9),(58.4,11.6),(17.1,12.7)...]"
WH_0324,51,38.55,40.86,39.36,45.76,5.99,47.5,308.4,"[(32.6,49.3),(61.8,3.3),(50.2,40.1),(33.5,12.1),(68.9,9.9)...]"
WH_0325,49,37.52,40.89,38.3,44.53,9.0,65.6,318.9,"[(85.5,7.4),(15.7,35.5),(40.2,24.6),(35.4,31.7),(64.5,2.3)...]"
WH_0326,77,51.53,54.74,52.61,61.17,6.22,60.0,336.9,"[(41.7,19.9),(6.6,27.8),(69.4,2.0),(51.1,32.7),(33.3,37.1)...]"
WH_0327,73,53.51,56.89,54.64,63.52,6.32,68.1,221.0,"[(29.5,5.1),(96.6,29.5),(47.3,21.0),(10.1,38.1),(5.5,26.4)...]"
WH_0328,71,47.25,50.53,48.24,56.08,6.96,68.8,221.6,"[(26.1,22.8),(54.9,20.9),(94.1,4.8),(68.0,46.3),(45.7,42.2)...]"
WH_0329,71,50.92,53.37,51.99,60.44,4.83,68.2,335.4,"[(77.4,12.7),(75.3,6.0),(56.4,28.5),(20.8,18.0),(87.8,41.6)...]"
WH_0330,63,54.16,57.25,55.3,64.29,5.7,54.6,243.9,"[(15.8,30.9),(71.5,34.7),(27.8,10.7),(9.5,29.4),(87.5,15.7)...]"
WH_0331,53,40.6,41.45,41.45,48.19,2.1,61.7,267.8,"[(25.6,33.9),(3.5,9.5),(9.1,6.2),(59.3,46.5),(86.6,8.2)...]"
WH_0332,64,56.92,58.8,58.11,67.56,3.31,53.1,268.4,"[(68.4,22.9),(76.9,45.3),(18.7,22.9),(92.0,5.2),(78.7,29.9)...]"
WH_0333,55,40.93,42.68,41.79,48.58,4.27,48.8,234.0,"[(66.8,7.7),(60.0,31.9),(0.2,38.7),(31.2,38.1),(25.4,48.2)...]"
WH_0334,75,49.16,52.75,50.19,58.35,7.31,70.8,293.0,"[(60.6,9.5),(82.8,34.5),(90.0,34.8),(28.9,29.1),(32.1,48.6)...]"
WH_0335,62,50.66,54.09,51.73,60.14,6.76,53.6,285.8,"[(60.4,13.5),(78.3,40.6),(8.1,17.4),(71.4,15.6),(16.5,43.2)...]"
WH_0336,54,43.5,44.61,44.41,51.63,2.56,51.0,230.5,"[(34.1,18.6),(88.0,3.4),(99.4,4.8),(16.1,7.4),(2.4,44.9)...]"
WH_0337,60,42.58,44.99,43.47,50.54,5.66,65.1,311.0,"[(5.8,25.9),(30.6,2.1),(73.6,20.8),(20.6,0.9),(29.9,11.2)...]"
WH_0338,68,45.44,48.4,46.39,53.93,6.52,48.7,286.4,"[(46.1,9.5),(27.4,41.4),(28.5,15.6),(73.1,26.8),(62.6,12.5)...]"
WH_0339,57,44.98,47.37,45.92,53.39,5.31,65.6,306.9,"[(62.3,20.6),(18.7,22.4),(3.3,11.4),(95.8,42.5),(2.7,21.4)...]"
WH_0340,54,49.65,52.73,50.69,58.93,6.21,52.7,339.8,"[(37.7,34.6),(63.2,19.2),(83.6,38.4),(81.0,44.9),(8.1,23.9)...]"
WH_0341,66,50.62,53.88,51.68,60.09,6.43,64.5,238.8,"[(91.5,33.3),(55.3,30.9),(63.2,47.0),(65.3,42.0),(25.8,47.2)...]"
WH_0342,66,56.67,59.37,57.86,67.26,4.78,60.4,343.8,"[(43.7,9.7),(28.8,40.5),(98.7,3.1),(41.5,41.7),(6.8,13.7)...]"
WH_0343,57,51.01,54.15,52.08,60.54,6.17,67.1,293.2,"[(81.9,27.4),(41.6,27.9),(63.0,30.3),(12.2,29.2),(55.1,24.8)...]"
WH_0344,58,44.01,46.16,44.94,52.24,4.87,69.3,295.5,"[(14.3,47.7),(71.4,37.2),(81.3,30.8),(93.5,23.9),(61.2,8.9)...]"
WH_0345,66,52.41,56.59,53.51,62.2,7.98,63.8,320.1,"[(49.5,1.6),(3.4,22.6),(91.0,47.2),(95.2,45.9),(56.3,40.5)...]"
WH_0346,46,40.11,41.99,40.95,47.61,4.69,65.8,329.2,"[(28.8,29.5),(70.4,40.3),(60.6,8.6),(45.7,21.1),(37.8,37.0)...]"
WH_0347,47,39.11,39.89,39.93,46.42,2.0,57.4,289.8,"[(0.9,39.4),(0.7,36.8),(14.6,44.4),(87.3,38.5),(46.9,14.3)...]"
WH_0348,55,46.52,49.68,47.49,55.22,6.79,51.9,267.2,"[(53.5,34.6),(20.4,44.3),(68.0,7.2),(1.9,40.0),(2.1,40.7)...]"
WH_0349,61,52.68,55.49,53.79,62.54,5.32,51.4,250.6,"[(97.2,15.8),(48.4,48.3),(72.0,44.1),(47.7,7.2),(37.2,32.8)...]"
WH_0350,67,55.21,58.27,56.37,65.54,5.54,51.8,233.2,"[(91.5,30.7),(79.0,14.7),(78.2,23.1),(72.0,35.1),(26.7,3.5)...]"
WH_0351,81,50.06,52.1,51.11,59.42,4.09,61.0,239.6,"[(76.2,1.0),(9.9,18.8),(98.2,35.3),(87.5,24.4),(53.3,36.9)...]"
WH_0352,74,56.61,58.77,57.8,67.2,3.82,61.8,290.4,"[(15.9,8.1),(33.7,26.6),(94.9,30.7),(96.2,44.6),(84.2,10.5)...]"
WH_0353,62,50.98,54.5,52.05,60.51,6.92,56.3,258.8,"[(17.5,16.2),(84.1,25.0),(32.8,7.9),(98.6,47.7),(38.5,8.1)...]"
WH_0354,63,46.48,49.44,47.46,55.18,6.35,56.7,288.2,"[(36.9,17.2),(8.1,43.7),(63.4,40.6),(17.5,33.7),(76.3,12.9)...]"
WH_0355,51,46.91,49.44,47.9,55.68,5.4,47.6,238.3,"[(59.2,16.6),(82.1,19.5),(39.4,14.8),(67.7,46.7),(83.5,36.1)...]"
WH_0356,63,43.54,46.71,44.46,51.69,7.27,54.1,309.3,"[(78.9,8.3),(22.9,5.6),(56.9,43.0),(42.8,18.2),(30.4,10.9)...]"
WH_0357,60,45.54,46.45,46.5,54.06,2.0,45.8,305.3,"[(41.3,8.0),(28.0,17.2),(61.6,21.4),(74.0,23.8),(25.5,18.1)...]"
WH_0358,67,54.5,57.75,55.65,64.7,5.96,50.0,330.6,"[(94.3,1.0),(1.1,30.4),(27.0,26.7),(70.4,37.8),(87.1,36.4)...]"
WH_0359,54,42.19,45.98,43.07,50.08,9.0,53.4,251.1,"[(66.0,47.5),(0.7,6.3),(85.5,6.1),(1.9,12.3),(88.8,3.8)...]"
WH_0360,70,54.98,58.01,56.13,65.26,5.51,68.3,332.5,"[(82.3,41.3),(16.3,7.4),(67.8,45.4),(93.1,15.1),(23.2,7.6)...]"
WH_0361,82,62.55,64.41,63.86,74.25,2.98,64.6,253.3,"[(20.4,5.4),(62.3,30.6),(71.7,33.4),(14.6,20.0),(84.3,45.6)...]"
WH_0362,62,43.34,45.41,44.25,51.44,4.79,68.0,237.4,"[(38.8,13.7),(70.3,32.1),(90.5,24.9),(48.6,31.2),(96.2,21.8)...]"
WH_0363,68,49.74,50.74,50.78,59.04,2.0,45.1,255.2,"[(25.7,16.7),(87.4,17.3),(25.6,12.4),(74.5,6.7),(44.8,1.7)...]"
WH_0364,72,58.36,59.53,59.59,69.27,2.0,57.3,279.8,"[(49.9,46.2),(76.0,27.3),(56.9,23.7),(38.5,41.6),(66.5,27.3)...]"
WH_0365,59,42.51,45.05,43.4,50.46,5.97,58.6,305.9,"[(53.4,34.6),(24.4,23.8),(73.4,37.3),(82.9,8.2),(90.7,12.0)...]"
WH_0366,66,50.6,53.67,51.66,60.06,6.07,61.9,272.3,"[(77.3,36.5),(48.3,39.7),(90.6,12.4),(43.7,6.8),(89.2,26.4)...]"
WH_0367,64,53.88,56.79,55.02,63.96,5.4,54.5,322.8,"[(6.8,38.2),(61.1,37.3),(60.6,17.3),(50.6,24.4),(69.3,33.2)...]"
WH_0368,65,52.37,55.45,53.47,62.16,5.88,47.0,299.8,"[(69.6,47.3),(57.4,44.4),(35.4,35.8),(92.1,16.3),(51.3,14.0)...]"
WH_0369,54,43.63,45.45,44.55,51.79,4.17,55.3,237.1,"[(73.6,24.4),(18.1,8.7),(24.6,39.4),(25.9,43.0),(94.0,12.4)...]"
WH_0370,64,46.69,49.21,47.67,55.42,5.4,60.0,251.8,"[(22.4,27.5),(50.3,43.4),(31.9,6.3),(21.2,48.2),(39.3,46.1)...]"
WH_0371,69,50.95,54.58,52.02,60.48,7.12,47.8,317.2,"[(58.9,18.5),(43.2,42.6),(3.9,8.8),(73.4,1.9),(27.5,22.2)...]"
WH_0372,81,62.89,67.92,64.21,74.65,8.0,60.1,300.9,"[(32.3,43.5),(79.9,3.3),(60.8,49.4),(31.7,20.0),(35.6,8.5)...]"
WH_0373,75,61.66,66.14,62.95,73.19,7.27,48.6,276.4,"[(55.7,49.7),(88.6,2.3),(6.3,47.6),(6.7,3.6),(70.2,23.0)...]"
WH_0374,87,60.29,62.31,61.56,71.57,3.35,60.5,311.9,"[(22.3,44.1),(49.2,38.5),(41.7,2.6),(98.0,28.2),(91.7,20.9)...]"
WH_0375,54,47.52,51.73,48.52,56.41,8.85,52.8,227.0,"[(69.9,45.5),(8.7,32.9),(28.6,34.1),(89.0,0.1),(59.0,18.2)...]"
WH_0376,74,54.38,57.69,55.52,64.55,6.09,53.5,253.8,"[(25.1,32.4),(17.6,32.1),(92.4,36.4),(85.2,26.0),(31.8,45.0)...]"
WH_0377,66,48.65,52.32,49.68,57.75,7.54,61.8,276.9,"[(53.5,20.8),(98.8,26.9),(21.5,37.3),(24.3,35.6),(24.3,32.9)...]"
WH_0378,87,54.62,55.71,55.76,64.83,2.0,63.0,279.3,"[(50.8,30.5),(99.3,28.9),(95.7,25.8),(70.7,26.9),(16.1,42.2)...]"
WH_0379,54,45.18,46.21,46.13,53.63,2.28,58.2,279.7,"[(40.4,31.0),(2.2,0.6),(88.4,32.8),(88.4,35.5),(46.1,36.1)...]"
WH_0380,53,46.91,49.92,47.89,55.68,6.43,55.1,220.7,"[(53.3,16.7),(18.5,36.5),(53.4,5.8),(36.4,31.8),(28.6,13.5)...]"
WH_0381,56,47.79,51.18,48.8,56.73,7.09,49.5,333.7,"[(76.7,33.5),(41.7,5.2),(31.4,17.1),(71.4,48.2),(45.5,6.8)...]"
WH_0382,42,40.66,44.06,41.51,48.26,8.36,65.0,239.8,"[(24.1,43.1),(74.4,31.1),(17.6,0.6),(66.1,11.4),(89.6,22.6)...]"
WH_0383,57,43.26,44.94,44.17,51.35,3.88,46.9,256.2,"[(59.5,12.1),(72.0,2.0),(85.0,14.2),(11.2,24.6),(33.0,42.2)...]"
WH_0384,54,43.58,45.12,44.49,51.72,3.56,63.0,257.9,"[(69.0,45.8),(65.1,14.5),(55.4,0.7),(0.0,22.0),(12.6,43.1)...]"
WH_0385,65,50.23,51.5,51.28,59.62,2.53,67.7,237.3,"[(53.1,10.5),(65.1,41.9),(51.9,43.0),(41.3,44.1),(34.8,13.8)...]"
WH_0386,68,43.97,45.9,44.9,52.2,4.39,69.2,289.2,"[(10.5,19.3),(43.9,30.7),(43.7,43.1),(98.1,45.0),(12.8,1.6)...]"
WH_0387,86,56.42,60.0,57.6,66.97,6.35,54.7,276.2,"[(45.2,34.3),(94.2,2.0),(73.0,31.2),(33.7,38.6),(93.6,0.6)...]"
WH_0388,75,58.71,63.16,59.94,69.69,7.58,53.1,314.6,"[(70.4,7.1),(53.5,25.6),(86.8,26.2),(93.3,49.2),(71.8,49.6)...]"
WH_0389,57,42.74,45.86,43.64,50.73,7.3,68.0,253.2,"[(21.4,14.6),(57.6,31.2),(70.1,29.7),(71.5,40.6),(98.3,4.8)...]"
WH_0390,53,45.07,48.73,46.02,53.5,8.1,70.8,254.2,"[(2.7,39.4),(91.4,36.4),(90.9,37.6),(45.6,9.6),(7.8,45.6)...]"
WH_0391,69,49.56,53.3,50.6,58.83,7.53,60.0,313.4,"[(9.2,12.9),(54.1,14.0),(18.5,3.9),(41.4,26.9),(18.7,18.3)...]"
WH_0392,48,41.75,42.6,42.62,49.55,2.05,49.9,304.8,"[(94.1,8.3),(78.0,38.6),(30.4,46.0),(75.9,8.4),(45.0,28.5)...]"
WH_0393,85,50.24,53.37,51.3,59.64,6.21,50.0,296.1,"[(77.3,11.9),(88.4,2.5),(86.1,12.5),(9.9,36.1),(12.6,27.6)...]"
WH_0394,78,54.0,56.27,55.14,64.1,4.19,58.9,335.0,"[(10.9,43.4),(40.3,10.7),(88.2,9.5),(60.8,49.3),(69.0,27.0)...]"
WH_0395,58,51.07,52.09,52.14,60.62,2.0,62.8,314.6,"[(47.8,12.9),(0.7,48.1),(80.0,1.0),(61.8,11.9),(73.0,24.9)...]"
WH_0396,43,47.21,48.29,48.2,56.04,2.29,52.0,254.5,"[(93.2,36.7),(25.7,31.2),(69.8,15.2),(34.2,21.8),(71.8,33.9)...]"
WH_0397,80,58.18,62.24,59.41,69.06,6.97,53.7,229.3,"[(17.0,15.8),(27.2,27.4),(57.5,0.5),(96.5,49.3),(60.8,38.3)...]"
WH_0398,62,48.39,50.1,49.4,57.43,3.54,60.2,347.0,"[(20.1,20.8),(40.8,29.2),(90.8,16.1),(41.6,7.1),(9.0,47.0)...]"
WH_0399,78,58.62,60.88,59.85,69.58,3.85,58.7,311.3,"[(63.2,40.3),(59.1,49.6),(38.0,28.3),(63.1,45.7),(1.3,32.1)...]"
WH_0400,44,38.37,39.33,39.17,45.54,2.51,63.1,313.3,"[(84.2,34.8),(8.3,23.3),(65.7,42.9),(47.7,49.7),(59.8,12.2)...]"
WH_0401,56,44.56,46.38,45.5,52.9,4.08,70.1,325.5,"[(92.6,9.6),(50.9,49.1),(84.8,8.9),(4.5,38.6),(42.1,48.4)...]"
WH_0402,64,52.25,53.69,53.35,62.02,2.76,56.8,253.8,"[(33.1,37.3),(54.8,45.8),(40.6,48.2),(46.6,39.3),(76.1,42.5)...]"
WH_0403,64,48.54,50.32,49.55,57.61,3.67,60.7,292.5,"[(51.7,27.6),(57.9,4.0),(63.1,3.7),(60.5,20.1),(61.7,36.6)...]"
WH_0404,58,41.87,44.55,42.75,49.7,6.4,55.7,325.4,"[(81.8,17.0),(39.4,30.2),(22.4,35.6),(89.2,21.5),(83.3,9.7)...]"
WH_0405,71,51.06,53.86,52.13,60.6,5.48,58.8,250.3,"[(38.6,1.9),(92.7,30.3),(15.3,31.7),(33.7,36.9),(42.6,34.7)...]"
WH_0406,51,43.16,46.11,44.07,51.23,6.84,55.5,348.7,"[(79.0,21.7),(0.8,9.9),(46.3,48.8),(86.1,22.1),(61.8,10.4)...]"
WH_0407,62,42.41,45.13,43.3,50.34,6.41,57.5,340.4,"[(81.2,7.5),(85.7,13.2),(31.4,17.2),(32.9,13.0),(51.6,29.3)...]"
WH_0408,65,45.44,47.65,46.39,53.93,4.87,62.7,298.3,"[(24.0,5.0),(61.6,39.7),(99.4,2.8),(37.6,0.5),(0.1,43.1)...]"
WH_0409,70,56.44,58.11,57.63,67.0,2.96,67.2,275.6,"[(28.2,39.5),(39.1,4.4),(28.5,0.7),(53.7,36.7),(80.4,13.1)...]"
WH_0410,72,46.14,47.42,47.1,54.76,2.79,47.8,251.6,"[(37.0,13.4),(94.5,39.6),(1.3,2.5),(52.5,27.4),(77.5,17.9)...]"
WH_0411,50,40.07,43.25,40.91,47.56,7.94,67.9,326.4,"[(62.7,23.7),(86.1,38.1),(99.3,22.2),(73.1,27.9),(14.6,35.1)...]"
WH_0412,45,43.14,45.32,44.04,51.2,5.05,69.1,347.8,"[(89.7,29.8),(14.2,13.9),(94.0,44.7),(1.1,48.9),(25.6,34.0)...]"
WH_0413,79,62.38,67.6,63.69,74.05,8.36,66.5,343.0,"[(60.5,48.9),(50.5,10.6),(68.2,26.6),(66.8,37.3),(52.4,19.5)...]"
WH_0414,67,57.54,60.36,58.74,68.3,4.91,56.2,302.1,"[(71.3,4.9),(89.3,35.7),(9.5,28.7),(12.6,15.0),(15.8,18.5)...]"
WH_0415,55,50.77,52.66,51.84,60.27,3.72,49.2,270.2,"[(98.2,28.7),(78.5,33.5),(53.2,32.7),(85.9,11.1),(56.0,24.4)...]"
WH_0416,82,56.2,60.62,57.38,66.71,7.87,71.6,314.6,"[(81.0,18.0),(45.2,49.7),(11.6,33.6),(3.9,41.8),(33.3,36.7)...]"
WH_0417,65,44.08,45.47,45.01,52.33,3.14,69.7,300.7,"[(84.6,18.5),(44.0,45.5),(90.5,25.9),(73.2,0.1),(74.6,34.9)...]"
WH_0418,78,57.96,61.02,59.17,68.8,5.28,71.2,252.0,"[(99.0,12.5),(24.6,35.9),(68.0,5.9),(96.4,35.2),(29.9,46.0)...]"
WH_0419,64,42.61,45.05,43.51,50.58,5.73,66.9,230.7,"[(79.5,14.0),(59.0,30.2),(95.0,48.7),(13.4,1.5),(72.0,14.5)...]"
WH_0420,87,59.93,63.3,61.19,71.14,5.61,62.4,291.2,"[(67.9,31.6),(95.4,25.5),(12.0,38.7),(3.2,4.7),(87.4,15.1)...]"
WH_0421,85,51.1,52.75,52.17,60.65,3.23,60.9,316.4,"[(77.9,34.6),(4.2,9.8),(8.0,31.2),(9.6,12.0),(28.9,9.9)...]"
WH_0422,61,44.55,47.32,45.49,52.88,6.2,70.5,345.6,"[(60.8,4.3),(99.4,4.4),(43.4,35.6),(31.2,37.4),(20.1,21.1)...]"
WH_0423,75,50.36,53.69,51.42,59.78,6.61,68.3,262.0,"[(0.3,7.9),(17.1,8.5),(88.9,9.5),(3.8,21.2),(94.3,43.7)...]"
WH_0424,71,57.65,60.3,58.86,68.43,4.59,52.3,310.1,"[(32.8,11.1),(78.0,16.2),(42.7,37.4),(57.3,17.2),(42.2,25.3)...]"
WH_0425,80,61.21,62.96,62.49,72.65,2.86,71.9,349.9,"[(12.5,11.1),(42.8,35.3),(52.0,5.7),(72.5,17.0),(65.0,38.7)...]"
WH_0426,52,46.48,48.68,47.46,55.17,4.73,65.2,302.8,"[(52.0,36.3),(56.8,42.4),(92.7,20.0),(77.0,38.0),(16.8,2.9)...]"
WH_0427,72,61.05,64.08,62.33,72.46,4.97,63.9,295.7,"[(67.2,13.8),(89.3,40.6),(37.4,44.3),(54.7,34.0),(17.5,21.6)...]"
WH_0428,76,48.92,50.92,49.94,58.06,4.11,69.6,221.1,"[(71.0,39.0),(13.7,20.7),(0.2,18.4),(9.3,7.1),(38.0,29.7)...]"
WH_0429,42,34.81,35.85,35.54,41.32,2.99,69.1,304.5,"[(43.5,25.6),(2.1,43.4),(52.3,17.7),(41.2,41.9),(62.3,21.3)...]"
WH_0430,49,45.75,47.97,46.71,54.31,4.84,69.0,331.9,"[(5.6,21.0),(82.7,4.1),(36.2,46.1),(22.6,31.2),(25.4,48.1)...]"
WH_0431,42,41.39,44.57,42.26,49.13,7.69,61.0,327.8,"[(55.4,47.3),(8.8,35.7),(69.7,35.4),(60.9,21.1),(21.0,48.3)...]"
WH_0432,60,43.32,44.69,44.22,51.42,3.16,66.4,274.3,"[(5.8,3.6),(23.5,1.9),(56.7,43.2),(88.0,32.9),(81.3,39.1)...]"
WH_0433,72,53.56,55.63,54.69,63.58,3.86,66.7,305.6,"[(80.3,11.7),(87.4,45.5),(99.8,26.8),(6.8,10.0),(79.6,33.5)...]"
WH_0434,82,52.65,53.95,53.76,62.5,2.47,51.6,258.6,"[(47.8,49.1),(22.6,6.5),(28.2,31.9),(97.8,25.9),(34.3,42.5)...]"
WH_0435,64,43.13,46.11,44.03,51.19,6.91,59.4,273.1,"[(64.1,7.9),(69.7,47.4),(33.9,12.0),(78.8,28.1),(41.8,3.0)...]"
WH_0436,83,61.53,63.59,62.83,73.04,3.34,67.0,264.6,"[(89.7,12.6),(49.7,34.3),(61.3,15.1),(98.6,46.3),(52.2,5.8)...]"
WH_0437,47,43.86,44.73,44.78,52.06,2.0,68.0,244.9,"[(32.6,16.2),(73.6,20.0),(68.6,47.8),(51.3,21.9),(42.0,7.0)...]"
WH_0438,43,43.8,44.68,44.72,51.99,2.0,47.0,286.3,"[(50.0,13.2),(41.6,41.5),(67.4,10.0),(5.0,18.0),(52.9,4.8)...]"
WH_0439,63,46.9,48.4,47.88,55.66,3.2,65.0,276.0,"[(84.1,13.6),(71.3,15.4),(86.2,37.7),(20.6,13.3),(28.7,40.0)...]"
WH_0440,68,44.43,47.11,45.36,52.74,6.03,63.4,349.7,"[(60.5,36.7),(23.8,24.8),(85.2,7.0),(17.3,38.8),(92.9,45.2)...]"
WH_0441,63,47.58,49.88,48.58,56.48,4.84,52.8,345.1,"[(80.8,6.9),(63.4,15.3),(46.9,39.6),(22.4,15.7),(69.2,19.2)...]"
WH_0442,42,35.37,37.98,36.11,41.98,7.39,67.1,245.4,"[(21.7,14.9),(61.0,37.7),(42.8,42.7),(45.1,16.7),(10.6,0.1)...]"
WH_0443,62,43.53,45.38,44.44,51.67,4.24,58.9,279.3,"[(57.7,19.9),(38.7,39.9),(34.9,34.3),(87.0,38.1),(97.3,1.3)...]"
WH_0444,48,46.31,49.69,47.28,54.97,7.3,69.3,280.4,"[(98.7,48.6),(3.5,44.2),(38.2,28.2),(96.8,27.9),(36.9,13.9)...]"
WH_0445,72,56.6,58.62,57.79,67.19,3.57,46.4,345.4,"[(74.6,21.5),(12.7,41.4),(32.9,20.4),(11.8,44.2),(69.2,11.7)...]"
WH_0446,68,51.06,53.3,52.13,60.61,4.38,52.8,261.5,"[(72.0,13.3),(50.6,15.5),(10.8,25.1),(52.6,7.6),(32.0,18.5)...]"
WH_0447,52,48.55,51.3,49.57,57.62,5.67,57.9,321.4,"[(69.7,41.7),(56.8,14.3),(48.6,37.7),(20.3,42.9),(87.5,29.5)...]"
WH_0448,57,46.67,49.25,47.65,55.4,5.52,46.7,289.1,"[(6.8,35.9),(44.5,38.1),(3.0,31.0),(91.5,29.3),(95.8,22.7)...]"
WH_0449,51,40.51,42.46,41.36,48.08,4.82,55.4,326.5,"[(67.3,1.1),(74.2,15.1),(52.3,22.6),(81.3,30.0),(75.2,7.8)...]"
WH_0450,63,43.54,44.41,44.46,51.68,2.0,63.4,247.6,"[(82.2,18.5),(33.6,47.4),(45.1,18.3),(97.7,34.8),(82.7,8.3)...]"
WH_0451,75,52.78,53.84,53.89,62.65,2.0,52.0,301.1,"[(26.5,33.1),(7.8,36.4),(48.4,22.4),(3.3,17.8),(84.6,12.0)...]"
WH_0452,52,48.91,50.82,49.94,58.05,3.9,69.8,246.5,"[(38.1,26.0),(20.2,36.2),(75.8,10.1),(72.4,4.6),(88.7,33.3)...]"
WH_0453,70,59.62,61.5,60.87,70.77,3.15,49.9,243.0,"[(87.0,31.1),(70.8,8.9),(57.8,39.5),(80.9,14.1),(11.1,8.5)...]"
WH_0454,57,52.16,56.42,53.25,61.91,8.18,55.5,315.3,"[(47.8,29.4),(46.8,4.7),(41.8,47.5),(85.2,23.4),(97.9,5.8)...]"
WH_0455,54,49.13,53.34,50.17,58.32,8.57,52.5,302.5,"[(64.3,12.6),(71.4,2.0),(34.4,19.0),(93.9,23.1),(56.0,45.2)...]"
WH_0456,62,50.52,52.42,51.58,59.96,3.76,57.5,291.1,"[(52.4,43.3),(89.9,44.6),(67.3,36.0),(59.7,28.7),(31.3,22.9)...]"
WH_0457,51,42.34,45.35,43.23,50.26,7.1,57.8,257.9,"[(53.2,40.9),(91.4,23.1),(89.6,18.9),(12.3,31.6),(34.5,32.6)...]"
WH_0458,57,53.26,54.76,54.38,63.22,2.83,56.6,239.5,"[(57.0,2.1),(7.1,40.2),(66.2,14.5),(14.7,24.2),(28.0,27.2)...]"
WH_0459,49,39.71,41.16,40.54,47.13,3.64,68.0,283.4,"[(14.2,48.1),(65.0,13.1),(36.6,24.2),(36.4,44.4),(61.2,20.7)...]"
WH_0460,87,55.17,58.48,56.33,65.49,5.99,48.7,346.0,"[(97.2,38.2),(17.0,10.1),(68.8,37.6),(69.5,38.3),(71.9,47.5)...]"
WH_0461,64,50.95,52.49,52.02,60.47,3.03,53.0,283.8,"[(31.6,41.0),(5.5,46.8),(95.0,49.6),(60.9,42.8),(3.6,11.1)...]"
WH_0462,55,40.2,43.5,41.05,47.72,8.21,70.5,267.1,"[(10.1,38.5),(64.4,45.5),(73.3,6.1),(70.5,39.8),(32.9,26.7)...]"
WH_0463,66,48.12,51.45,49.13,57.12,6.93,49.2,332.7,"[(48.9,21.1),(10.5,28.7),(3.3,45.8),(46.8,13.3),(12.2,3.6)...]"
WH_0464,62,49.62,50.62,50.67,58.9,2.01,65.0,246.1,"[(38.8,9.0),(1.9,33.5),(30.5,26.4),(78.5,38.7),(85.9,4.7)...]"
WH_0465,61,46.44,47.37,47.41,55.12,2.0,47.8,284.2,"[(54.9,9.9),(33.0,29.1),(97.5,14.9),(47.4,4.4),(75.6,41.3)...]"
WH_0466,71,58.3,60.67,59.53,69.21,4.06,67.9,243.0,"[(15.0,2.8),(80.2,8.9),(95.8,43.5),(80.8,17.8),(43.1,21.7)...]"
WH_0467,73,59.65,63.75,60.91,70.81,6.87,46.6,335.8,"[(17.4,48.4),(79.5,1.0),(78.6,32.4),(22.5,3.9),(84.2,42.7)...]"
WH_0468,57,54.23,57.57,55.37,64.37,6.16,61.1,332.0,"[(41.9,6.1),(89.8,10.9),(6.5,44.7),(88.5,2.0),(67.3,28.5)...]"
WH_0469,57,52.51,53.83,53.61,62.32,2.52,67.4,346.6,"[(83.4,39.5),(94.0,45.6),(72.3,19.6),(21.3,12.7),(29.8,24.6)...]"
WH_0470,60,54.65,55.76,55.8,64.88,2.02,64.5,276.0,"[(32.1,26.6),(78.9,27.9),(48.0,32.1),(26.4,36.6),(68.2,3.9)...]"
WH_0471,42,44.31,46.12,45.24,52.59,4.1,60.3,328.1,"[(61.7,40.0),(17.0,38.4),(38.7,26.1),(59.4,19.8),(59.0,48.4)...]"
WH_0472,45,36.97,37.71,37.75,43.88,2.0,63.2,314.3,"[(37.4,2.4),(54.9,8.7),(27.9,21.5),(83.7,17.1),(78.6,21.2)...]"
WH_0473,80,59.24,63.28,60.49,70.32,6.82,53.5,349.2,"[(19.6,45.0),(76.0,18.0),(87.9,24.6),(17.5,5.7),(45.2,2.6)...]"
WH_0474,83,58.45,62.27,59.68,69.38,6.54,60.0,327.5,"[(7.3,1.4),(64.8,26.2),(97.1,33.9),(22.4,11.7),(27.8,49.3)...]"
WH_0475,61,44.41,45.3,45.35,52.72,2.0,68.9,344.9,"[(92.9,10.6),(69.9,48.1),(89.5,35.2),(17.5,34.4),(50.3,33.0)...]"
WH_0476,70,48.62,50.53,49.64,57.71,3.93,49.9,343.0,"[(69.1,46.3),(80.9,13.7),(25.5,13.3),(66.5,36.9),(5.8,38.8)...]"
WH_0477,67,45.86,47.24,46.82,54.44,3.01,54.6,222.2,"[(94.2,18.5),(7.7,23.5),(23.3,25.9),(64.6,21.1),(67.0,5.4)...]"
WH_0478,87,51.1,53.56,52.18,60.66,4.81,61.6,281.7,"[(25.9,5.3),(90.0,12.2),(44.7,39.0),(7.4,23.2),(64.7,22.9)...]"
WH_0479,77,58.62,61.57,59.85,69.58,5.04,62.9,344.4,"[(92.9,0.5),(74.1,9.5),(77.8,16.3),(16.4,43.8),(26.7,2.6)...]"
WH_0480,62,50.57,53.11,51.63,60.02,5.04,50.7,295.7,"[(2.1,22.4),(93.0,8.9),(14.8,12.0),(21.2,42.4),(81.7,5.4)...]"
WH_0481,52,47.7,50.54,48.7,56.62,5.95,50.7,300.2,"[(95.6,31.3),(95.6,25.3),(53.2,20.4),(9.8,18.6),(45.8,32.5)...]"
WH_0482,44,45.81,49.94,46.77,54.38,9.0,66.8,303.2,"[(72.5,8.6),(1.2,1.5),(36.6,38.2),(83.2,24.3),(63.2,48.9)...]"
WH_0483,66,55.71,57.55,56.88,66.12,3.31,65.9,342.4,"[(30.5,1.9),(63.6,38.5),(96.0,47.8),(64.8,21.9),(95.6,39.7)...]"
WH_0484,54,49.18,51.64,50.21,58.37,5.01,68.0,236.5,"[(85.2,17.7),(36.3,49.6),(53.5,20.2),(59.1,32.7),(71.6,15.5)...]"
WH_0485,46,41.66,44.58,42.54,49.46,6.99,61.5,293.0,"[(27.8,3.7),(39.8,36.8),(66.5,39.7),(39.6,40.7),(23.9,44.5)...]"
WH_0486,56,46.66,48.4,47.64,55.38,3.73,61.0,268.4,"[(74.1,8.8),(4.0,13.1),(94.7,22.2),(19.1,42.6),(8.2,21.3)...]"
WH_0487,51,38.21,40.05,39.01,45.35,4.81,46.8,335.5,"[(67.0,1.4),(13.1,26.5),(71.5,41.8),(58.0,1.4),(48.6,14.1)...]"
WH_0488,84,55.97,57.54,57.15,66.44,2.8,61.6,320.0,"[(75.0,11.9),(32.8,26.0),(59.8,38.8),(71.6,3.9),(75.5,34.4)...]"
WH_0489,74,59.25,63.53,60.49,70.33,7.22,67.7,281.4,"[(24.3,46.9),(18.8,28.6),(20.3,4.6),(93.4,25.1),(16.4,49.9)...]"
WH_0490,63,51.28,54.64,52.36,60.87,6.56,52.7,225.6,"[(56.7,32.5),(89.5,22.0),(69.6,18.1),(13.6,5.6),(78.0,31.8)...]"
WH_0491,81,62.63,63.98,63.95,74.35,2.15,55.9,308.4,"[(78.8,17.2),(88.9,29.5),(61.4,18.7),(48.2,24.4),(86.1,16.3)...]"
WH_0492,64,56.42,59.85,57.6,66.97,6.08,58.3,320.0,"[(57.9,21.1),(50.6,26.4),(81.4,15.7),(68.3,25.0),(82.1,35.9)...]"
WH_0493,53,39.94,42.73,40.78,47.41,6.98,67.5,267.8,"[(59.3,48.1),(34.1,20.3),(24.5,5.7),(75.9,17.0),(43.0,49.9)...]"
WH_0494,82,56.68,59.1,57.88,67.28,4.27,66.7,340.1,"[(77.4,0.8),(75.2,31.4),(48.3,22.3),(40.4,43.0),(18.1,21.7)...]"
WH_0495,70,46.32,48.1,47.3,54.99,3.84,60.2,324.2,"[(33.4,22.2),(88.0,26.9),(72.6,5.4),(10.8,18.2),(10.4,48.8)...]"
WH_0496,51,48.96,52.95,49.99,58.12,8.14,65.3,329.4,"[(25.3,38.5),(41.3,5.7),(73.0,7.3),(91.8,36.0),(29.0,48.1)...]"
WH_0497,61,43.7,46.03,44.62,51.87,5.33,56.0,228.9,"[(65.2,6.4),(79.5,5.7),(43.9,46.9),(67.8,14.4),(3.1,33.2)...]"
WH_0498,53,45.97,48.62,46.93,54.56,5.77,64.0,232.9,"[(78.5,47.6),(49.3,16.3),(32.3,39.5),(36.1,43.6),(50.5,23.2)...]"
WH_0499,47,47.52,51.06,48.52,56.41,7.45,68.9,335.4,"[(79.7,18.0),(90.0,37.0),(28.1,5.9),(76.5,26.6),(18.0,42.7)...]"
WH_0500,75,60.37,62.17,61.64,71.66,2.98,46.3,248.3,"[(45.2,5.9),(25.7,20.7),(60.6,15.0),(18.4,3.7),(79.1,22.7)...]"
WH_0501,86,51.98,56.06,53.07,61.7,7.84,68.1,328.4,"[(31.8,0.1),(28.7,26.0),(4.0,41.3),(10.7,30.5),(91.2,30.9)...]"
WH_0502,47,38.97,40.71,39.78,46.25,4.46,49.2,251.7,"[(54.7,1.6),(63.4,42.3),(55.2,46.8),(56.1,3.7),(88.5,10.4)...]"
WH_0503,70,54.81,57.58,55.96,65.06,5.06,54.1,345.5,"[(36.0,19.6),(58.3,5.8),(12.4,8.1),(53.2,32.8),(58.1,40.6)...]"
WH_0504,56,45.29,46.79,46.24,53.76,3.33,62.1,328.7,"[(47.5,34.4),(92.8,41.6),(3.0,7.4),(10.3,2.5),(38.6,1.5)...]"
WH_0505,58,51.57,52.94,52.66,61.22,2.64,62.0,306.3,"[(67.6,36.6),(46.5,15.0),(63.8,18.7),(32.2,17.4),(14.4,17.9)...]"
WH_0506,56,45.12,46.81,46.07,53.56,3.73,55.9,237.6,"[(20.4,37.9),(42.2,43.2),(60.2,40.2),(65.9,16.3),(10.3,40.6)...]"
WH_0507,53,40.65,42.9,41.51,48.26,5.54,45.9,231.8,"[(54.3,27.7),(32.6,28.0),(59.1,40.3),(44.8,17.9),(74.8,27.5)...]"
WH_0508,64,46.5,50.09,47.48,55.19,7.72,71.5,332.0,"[(86.4,31.3),(3.3,17.1),(29.9,19.9),(56.7,11.1),(21.3,20.4)...]"
WH_0509,54,40.19,41.61,41.03,47.7,3.55,67.2,312.0,"[(88.5,28.8),(13.0,42.6),(87.0,21.6),(94.2,37.0),(81.9,26.5)...]"
WH_0510,67,47.82,48.78,48.82,56.76,2.0,59.2,346.4,"[(91.5,11.7),(33.2,14.0),(30.9,0.8),(46.3,44.7),(0.8,37.0)...]"
WH_0511,63,50.29,52.17,51.35,59.7,3.73,60.9,339.4,"[(61.1,23.0),(29.6,43.9),(45.8,43.3),(67.6,48.1),(44.5,44.7)...]"
WH_0512,61,42.69,44.22,43.59,50.68,3.58,59.9,285.5,"[(53.0,0.3),(93.6,39.4),(26.2,47.2),(8.6,35.2),(79.6,43.8)...]"
WH_0513,53,47.21,50.51,48.2,56.04,7.0,71.8,331.8,"[(65.1,41.0),(73.7,10.3),(79.7,27.1),(14.9,30.7),(3.8,3.7)...]"
WH_0514,57,45.1,49.16,46.05,53.53,9.0,69.3,287.1,"[(23.9,36.5),(75.9,10.1),(56.9,17.2),(7.1,28.4),(5.0,20.8)...]"
WH_0515,73,49.98,52.14,51.03,59.32,4.32,56.8,284.2,"[(55.7,11.1),(5.4,1.7),(52.0,1.9),(66.8,20.7),(15.1,26.1)...]"
WH_0516,70,55.54,57.74,56.7,65.92,3.98,56.4,257.4,"[(14.8,7.3),(32.1,46.0),(85.9,28.0),(91.0,14.7),(53.5,48.1)...]"
WH_0517,52,51.15,54.25,52.22,60.71,6.07,68.0,289.8,"[(90.3,27.5),(0.6,29.0),(40.5,38.3),(30.1,20.9),(5.4,19.2)...]"
WH_0518,65,53.36,56.89,54.48,63.33,6.61,46.3,281.9,"[(77.3,9.2),(59.9,49.8),(54.3,1.6),(21.2,27.1),(84.7,30.4)...]"
WH_0519,73,46.92,49.34,47.91,55.7,5.16,45.2,329.3,"[(53.1,34.8),(91.7,45.0),(43.2,8.5),(59.4,30.5),(18.6,45.4)...]"
WH_0520,43,41.25,43.39,42.12,48.97,5.17,50.7,247.0,"[(15.1,36.3),(33.3,16.5),(41.3,34.5),(68.0,41.3),(9.2,14.6)...]"
WH_0521,70,55.4,57.11,56.56,65.76,3.09,48.4,234.9,"[(64.7,43.9),(9.3,20.8),(30.6,24.8),(83.1,16.2),(10.4,7.4)...]"
WH_0522,56,43.01,45.04,43.91,51.05,4.73,55.5,324.7,"[(37.6,29.3),(15.9,16.3),(86.1,38.4),(89.9,12.6),(85.7,39.8)...]"
WH_0523,70,48.3,49.26,49.31,57.33,2.0,70.7,304.2,"[(3.2,44.2),(46.8,29.5),(25.4,25.4),(87.5,11.4),(41.4,41.7)...]"
WH_0524,54,42.3,44.33,43.18,50.21,4.81,61.0,343.1,"[(67.8,36.6),(53.1,2.3),(28.2,15.3),(20.0,2.5),(65.7,11.5)...]"
WH_0525,42,37.95,38.8,38.75,45.05,2.24,61.3,332.9,"[(92.1,41.3),(20.0,18.0),(9.9,21.1),(4.3,0.2),(82.9,12.6)...]"
WH_0526,44,37.24,39.45,38.02,44.2,5.94,51.7,238.0,"[(1.9,16.7),(50.5,27.6),(98.2,49.4),(15.9,20.9),(18.3,21.3)...]"
WH_0527,64,53.43,58.24,54.56,63.43,9.0,71.8,297.4,"[(79.8,34.6),(90.3,21.2),(30.7,1.0),(87.7,27.8),(5.5,17.4)...]"
WH_0528,67,54.85,55.94,56.0,65.1,2.0,53.0,270.5,"[(21.9,47.0),(96.4,34.4),(53.8,15.6),(2.1,16.8),(57.3,27.1)...]"
WH_0529,53,40.93,42.46,41.79,48.59,3.72,52.6,289.1,"[(26.9,45.1),(15.4,41.0),(36.1,26.9),(9.5,49.6),(84.5,26.5)...]"
WH_0530,71,60.63,62.23,61.9,71.97,2.65,57.5,319.0,"[(75.3,27.5),(79.3,26.2),(20.8,40.9),(17.6,32.2),(36.4,42.4)...]"
WH_0531,44,40.2,42.15,41.04,47.72,4.85,62.2,259.6,"[(81.4,13.8),(65.3,36.1),(1.8,18.5),(1.9,13.7),(81.9,19.6)...]"
WH_0532,63,48.79,49.76,49.81,57.91,2.0,51.8,303.7,"[(48.0,0.3),(23.7,43.5),(52.8,32.1),(78.7,29.4),(6.0,25.7)...]"
WH_0533,49,41.71,44.82,42.58,49.51,7.45,52.6,235.2,"[(88.2,20.0),(65.6,26.7),(77.1,20.6),(83.7,21.0),(22.6,10.2)...]"
WH_0534,56,40.54,43.01,41.39,48.12,6.08,48.9,233.3,"[(2.4,9.6),(7.4,24.1),(54.3,48.9),(83.9,16.7),(6.3,43.7)...]"
WH_0535,64,52.55,55.16,53.66,62.38,4.95,53.5,323.3,"[(65.8,43.5),(56.5,12.8),(46.7,25.5),(54.3,10.1),(27.6,38.5)...]"
WH_0536,53,40.93,43.59,41.79,48.59,6.5,60.3,242.0,"[(98.5,13.3),(3.4,22.5),(3.8,5.6),(85.5,15.2),(55.7,3.5)...]"
WH_0537,59,46.63,48.45,47.61,55.34,3.91,64.3,331.2,"[(48.2,38.2),(61.5,42.8),(88.0,28.7),(24.5,32.2),(18.6,48.4)...]"
WH_0538,76,54.75,59.23,55.9,64.99,8.17,53.9,320.4,"[(13.7,44.5),(47.9,34.1),(94.5,28.1),(81.2,5.9),(97.4,28.7)...]"
WH_0539,57,50.22,52.9,51.28,59.62,5.33,68.7,261.0,"[(32.1,14.7),(14.8,39.4),(83.5,5.3),(41.1,49.3),(57.1,16.9)...]"
WH_0540,74,49.03,51.14,50.06,58.2,4.3,57.9,283.3,"[(87.8,2.2),(48.3,38.5),(57.2,2.6),(41.1,11.2),(47.7,16.8)...]"
WH_0541,50,41.49,42.32,42.36,49.24,2.0,58.6,307.2,"[(77.7,4.4),(19.3,0.1),(30.0,21.9),(66.3,28.4),(41.3,13.5)...]"
WH_0542,70,51.54,56.18,52.62,61.18,9.0,66.8,259.9,"[(86.2,43.5),(67.3,18.3),(74.0,5.8),(18.0,12.6),(38.4,10.4)...]"
WH_0543,81,48.38,51.68,49.39,57.43,6.81,59.5,228.3,"[(29.5,29.5),(27.8,27.3),(21.8,16.0),(61.1,19.8),(24.3,44.4)...]"
WH_0544,42,39.56,41.63,40.39,46.96,5.23,68.3,244.0,"[(60.0,13.0),(48.5,32.5),(90.7,1.8),(36.3,37.4),(75.2,8.2)...]"
WH_0545,54,41.22,42.98,42.08,48.92,4.28,67.9,275.2,"[(45.1,24.8),(0.9,30.9),(28.4,4.6),(45.8,46.6),(90.9,21.8)...]"
WH_0546,70,55.14,59.15,56.29,65.45,7.29,57.3,328.2,"[(2.2,8.0),(37.5,20.1),(61.0,22.2),(44.8,20.3),(45.9,16.9)...]"
WH_0547,61,49.25,52.61,50.28,58.45,6.84,49.3,223.9,"[(57.1,20.0),(77.1,5.6),(84.9,8.2),(82.1,16.8),(40.2,36.7)...]"
WH_0548,68,53.89,55.56,55.02,63.97,3.1,48.1,337.9,"[(60.5,2.2),(21.0,34.8),(39.9,49.8),(23.1,11.4),(91.8,49.1)...]"
WH_0549,56,49.98,52.27,51.02,59.32,4.6,66.3,341.6,"[(70.4,12.5),(22.6,18.8),(27.9,38.9),(71.0,12.6),(82.4,42.2)...]"
WH_0550,65,56.99,61.45,58.19,67.65,7.83,50.9,289.4,"[(93.6,38.6),(34.2,28.5),(31.2,26.6),(72.6,28.7),(65.4,19.5)...]"
WH_0551,62,53.76,54.84,54.89,63.82,2.0,62.3,249.3,"[(74.9,35.2),(33.2,13.8),(14.7,8.7),(39.2,36.9),(45.7,44.0)...]"
WH_0552,78,57.88,61.26,59.09,68.7,5.84,53.9,307.7,"[(13.7,31.4),(53.8,22.7),(47.9,38.9),(15.0,4.4),(53.0,34.1)...]"
WH_0553,67,48.23,49.6,49.24,57.25,2.84,45.7,221.7,"[(88.1,28.4),(59.9,31.2),(94.7,45.9),(60.2,0.3),(97.5,7.8)...]"
WH_0554,68,46.16,48.24,47.13,54.79,4.52,62.9,290.3,"[(17.4,35.5),(86.7,33.9),(52.3,9.7),(11.7,10.5),(90.5,24.2)...]"
WH_0555,59,51.61,52.86,52.69,61.26,2.42,57.6,327.5,"[(77.4,42.1),(9.3,10.0),(56.6,12.3),(48.6,41.2),(85.5,7.4)...]"
WH_0556,58,49.99,52.88,51.04,59.33,5.79,54.4,288.2,"[(18.0,42.4),(53.7,18.0),(0.4,8.3),(78.8,15.4),(19.5,20.6)...]"
WH_0557,58,52.65,55.78,53.76,62.5,5.93,61.0,286.3,"[(87.2,47.7),(4.4,12.5),(93.0,14.8),(47.1,28.4),(86.0,11.3)...]"
WH_0558,68,55.49,57.93,56.66,65.87,4.4,55.7,256.0,"[(83.6,11.6),(88.9,8.8),(70.1,13.8),(2.5,39.3),(59.7,12.1)...]"
WH_0559,58,51.87,54.94,52.96,61.57,5.91,60.2,235.3,"[(4.8,45.5),(19.1,31.1),(77.8,20.4),(10.9,7.6),(12.9,36.3)...]"
WH_0560,67,44.64,45.89,45.58,52.99,2.8,55.2,278.4,"[(22.9,1.7),(42.0,34.8),(86.4,0.6),(21.7,41.0),(18.3,13.3)...]"
WH_0561,87,62.77,68.3,64.08,74.5,8.81,49.4,261.4,"[(19.5,26.0),(38.5,12.8),(41.8,11.9),(22.4,31.0),(63.9,34.5)...]"
WH_0562,74,46.2,47.12,47.17,54.84,2.0,69.7,310.8,"[(70.8,10.0),(60.3,43.9),(13.6,30.2),(98.8,27.8),(93.8,25.2)...]"
WH_0563,60,42.14,44.99,43.02,50.02,6.76,68.2,275.9,"[(80.7,41.7),(29.6,2.4),(0.3,12.6),(48.3,7.4),(99.0,46.3)...]"
WH_0564,78,47.46,50.98,48.45,56.33,7.43,48.9,286.4,"[(63.7,34.7),(95.4,14.1),(95.9,44.9),(7.1,49.2),(0.2,4.1)...]"
WH_0565,59,42.33,44.42,43.22,50.25,4.94,61.7,305.5,"[(43.1,6.9),(54.0,27.6),(80.0,9.1),(82.2,24.9),(97.7,34.5)...]"
WH_0566,42,44.83,46.3,45.77,53.21,3.29,53.4,256.9,"[(89.5,22.2),(81.6,35.1),(14.1,5.2),(79.4,34.2),(67.6,41.0)...]"
WH_0567,51,40.46,41.27,41.31,48.02,2.0,67.8,292.9,"[(84.6,31.8),(22.1,47.1),(74.6,22.8),(19.1,20.8),(87.6,27.0)...]"
WH_0568,42,39.48,42.1,40.3,46.86,6.65,71.1,222.7,"[(37.8,13.7),(89.3,30.3),(82.8,23.1),(82.0,33.0),(72.8,42.7)...]"
WH_0569,59,43.34,45.02,44.25,51.45,3.87,51.7,317.6,"[(14.7,15.7),(1.9,33.1),(59.3,3.3),(1.3,27.5),(45.4,5.4)...]"
WH_0570,64,53.01,54.82,54.13,62.93,3.41,58.9,291.5,"[(53.1,3.6),(54.8,2.3),(1.5,11.9),(99.4,33.4),(83.0,35.9)...]"
WH_0571,84,62.27,66.26,63.58,73.92,6.4,59.9,284.4,"[(90.3,17.0),(86.0,32.0),(57.7,34.6),(15.6,37.7),(95.9,43.0)...]"
WH_0572,67,53.84,55.26,54.98,63.91,2.63,57.3,300.3,"[(54.1,32.2),(27.2,13.9),(3.7,43.3),(75.9,13.7),(91.6,13.0)...]"
WH_0573,61,46.66,50.36,47.64,55.39,7.91,57.3,288.5,"[(68.6,9.4),(71.5,29.2),(86.9,46.4),(91.0,18.9),(60.7,6.9)...]"
WH_0574,73,60.72,61.93,61.99,72.07,2.0,52.6,221.6,"[(98.2,34.2),(4.4,36.3),(64.8,10.8),(92.3,12.0),(23.6,16.2)...]"
WH_0575,42,40.54,42.69,41.39,48.12,5.31,59.5,305.8,"[(35.4,41.7),(57.7,27.3),(31.6,35.3),(4.4,8.4),(50.7,37.4)...]"
WH_0576,66,56.44,61.52,57.63,67.0,9.0,71.8,348.7,"[(53.8,34.4),(0.7,12.1),(84.4,35.8),(20.1,22.9),(23.1,43.6)...]"
WH_0577,73,56.42,59.37,57.6,66.97,5.23,50.1,231.9,"[(79.7,32.7),(46.6,40.4),(17.8,38.5),(60.8,40.6),(61.0,23.0)...]"
WH_0578,46,46.21,47.86,47.18,54.85,3.58,62.1,241.7,"[(35.5,3.9),(66.7,10.4),(12.1,5.5),(47.6,13.9),(40.6,8.3)...]"
WH_0579,77,53.04,55.54,54.15,62.96,4.71,48.6,261.4,"[(58.4,42.7),(20.8,28.3),(19.8,44.5),(59.5,12.7),(66.5,32.7)...]"
WH_0580,68,58.82,60.05,60.06,69.82,2.08,56.7,328.5,"[(11.3,36.4),(3.6,6.7),(35.5,45.7),(61.8,45.8),(15.2,29.0)...]"
WH_0581,59,52.99,57.65,54.1,62.9,8.81,60.3,294.8,"[(53.0,32.7),(20.5,6.2),(88.0,8.1),(7.2,14.6),(68.3,33.5)...]"
WH_0582,71,45.78,48.7,46.74,54.34,6.36,71.3,252.8,"[(73.9,26.1),(39.6,25.2),(90.4,35.1),(86.3,25.9),(72.5,16.7)...]"
WH_0583,87,66.32,67.8,67.71,78.72,2.24,54.1,254.9,"[(38.6,22.5),(17.8,10.9),(82.9,9.7),(96.3,20.4),(21.3,28.3)...]"
WH_0584,66,47.67,48.74,48.67,56.58,2.24,52.0,296.7,"[(78.4,12.5),(28.3,24.5),(28.8,7.9),(4.7,48.7),(96.5,9.7)...]"
WH_0585,66,47.67,50.17,48.67,56.58,5.26,50.7,324.5,"[(69.7,26.8),(25.3,31.7),(34.7,44.7),(29.1,34.0),(8.8,40.6)...]"
WH_0586,58,51.72,54.89,52.8,61.39,6.14,66.4,224.9,"[(92.3,8.0),(40.3,41.4),(17.3,16.7),(31.0,41.8),(21.7,12.5)...]"
WH_0587,53,49.38,52.46,50.42,58.62,6.23,49.1,308.2,"[(94.7,35.2),(58.7,10.3),(89.6,44.1),(61.5,18.8),(48.4,16.9)...]"
WH_0588,73,57.08,59.94,58.28,67.76,5.0,57.8,335.0,"[(70.4,30.4),(5.3,7.8),(28.2,7.1),(94.9,3.6),(75.9,34.2)...]"
WH_0589,53,49.02,51.44,50.05,58.19,4.94,68.1,348.9,"[(48.4,23.5),(34.6,40.4),(25.1,48.3),(24.3,31.1),(31.7,31.9)...]"
WH_0590,64,42.98,44.66,43.89,51.02,3.89,55.3,343.1,"[(32.0,26.2),(3.6,3.3),(19.6,16.6),(87.7,18.0),(46.6,35.2)...]"
WH_0591,58,49.15,50.41,50.19,58.34,2.56,64.7,288.2,"[(68.5,11.5),(74.9,43.6),(94.5,24.2),(42.2,8.5),(47.4,32.3)...]"
WH_0592,69,46.51,49.5,47.49,55.21,6.42,56.3,297.3,"[(43.7,8.5),(64.8,6.0),(50.1,35.2),(52.6,29.0),(2.3,28.2)...]"
WH_0593,68,51.84,54.79,52.93,61.54,5.68,56.7,247.9,"[(59.5,33.6),(55.8,36.4),(82.4,31.5),(51.0,16.9),(47.3,22.0)...]"
WH_0594,76,58.14,61.76,59.36,69.01,6.24,62.1,238.1,"[(66.5,3.1),(20.2,47.8),(2.0,36.3),(57.3,16.3),(39.4,12.3)...]"
WH_0595,57,52.05,54.4,53.14,61.78,4.52,64.3,258.0,"[(10.7,40.7),(24.7,1.1),(31.4,7.5),(60.7,5.3),(87.7,1.9)...]"
WH_0596,60,44.65,46.99,45.59,53.0,5.25,48.0,273.1,"[(46.7,40.4),(43.0,35.3),(60.0,43.1),(34.7,7.3),(7.3,12.2)...]"
WH_0597,52,39.37,42.33,40.2,46.73,7.52,55.5,244.1,"[(5.2,41.6),(90.5,30.4),(45.2,35.1),(1.3,38.9),(22.5,15.6)...]"
WH_0598,58,46.38,48.93,47.35,55.05,5.51,65.9,291.4,"[(73.8,42.3),(27.1,30.8),(77.0,19.1),(26.2,34.7),(55.7,25.8)...]"
WH_0599,68,59.31,61.64,60.55,70.4,3.93,47.7,233.9,"[(81.2,19.7),(8.5,21.3),(46.3,17.9),(15.1,14.5),(79.0,30.1)...]"
WH_0600,73,54.12,57.63,55.26,64.24,6.48,69.5,321.5,"[(36.2,46.0),(47.7,49.9),(63.7,28.1),(85.8,15.8),(99.0,17.9)...]"
WH_0601,52,46.96,50.15,47.95,55.74,6.79,61.3,269.6,"[(89.8,39.2),(94.8,27.3),(88.6,5.5),(21.0,29.5),(7.0,5.9)...]"
WH_0602,74,61.43,63.68,62.72,72.92,3.65,51.2,252.5,"[(54.3,21.8),(69.5,22.3),(21.4,4.3),(34.1,3.2),(25.1,42.2)...]"
WH_0603,80,51.92,53.89,53.01,61.63,3.78,68.4,229.2,"[(15.4,25.8),(4.3,0.5),(81.0,23.8),(0.6,39.5),(46.4,43.3)...]"
WH_0604,68,54.82,55.95,55.97,65.07,2.06,59.0,261.3,"[(29.6,43.6),(56.2,27.3),(87.4,16.4),(28.4,0.0),(34.9,23.6)...]"
WH_0605,86,57.22,59.57,58.42,67.92,4.11,63.1,245.9,"[(31.7,16.5),(88.9,3.4),(89.0,43.7),(27.5,13.7),(79.4,49.4)...]"
WH_0606,54,52.29,53.33,53.38,62.06,2.0,49.3,295.0,"[(53.8,9.2),(81.3,35.7),(22.2,28.1),(51.6,28.9),(96.6,0.7)...]"
WH_0607,49,41.23,42.71,42.09,48.93,3.6,54.0,284.6,"[(27.4,22.6),(1.9,25.8),(98.7,47.9),(71.6,33.7),(73.5,7.5)...]"
WH_0608,42,39.09,40.42,39.91,46.4,3.42,55.1,237.6,"[(86.9,8.6),(17.6,0.5),(61.6,49.7),(36.9,11.0),(79.7,41.6)...]"
WH_0609,81,54.15,57.96,55.29,64.28,7.03,64.6,314.5,"[(91.9,29.6),(76.2,12.3),(22.6,27.6),(72.8,28.0),(10.4,29.4)...]"
WH_0610,71,45.97,49.54,46.93,54.56,7.78,67.7,295.7,"[(0.3,9.6),(68.5,11.7),(68.5,45.1),(6.2,21.3),(42.7,11.8)...]"
WH_0611,63,44.47,47.74,45.41,52.79,7.34,70.1,261.0,"[(72.7,22.5),(34.4,11.1),(22.3,32.4),(80.5,6.1),(10.2,2.0)...]"
WH_0612,67,45.08,46.31,46.02,53.51,2.73,66.5,315.7,"[(52.6,17.0),(37.3,1.5),(57.7,14.0),(62.8,6.2),(51.8,21.4)...]"
WH_0613,50,42.84,45.17,43.74,50.85,5.42,64.5,250.6,"[(12.8,15.5),(94.8,9.1),(59.1,34.8),(79.8,46.3),(76.4,2.1)...]"
WH_0614,87,64.34,66.87,65.7,76.38,3.92,71.6,251.5,"[(95.6,44.4),(77.8,26.9),(80.5,44.9),(0.4,33.0),(97.8,4.0)...]"
WH_0615,65,55.3,56.57,56.46,65.64,2.28,69.2,233.4,"[(69.9,5.2),(11.8,3.5),(43.1,10.5),(84.7,41.7),(0.8,33.2)...]"
WH_0616,65,49.89,51.81,50.93,59.21,3.86,59.3,310.8,"[(36.5,28.1),(54.1,37.5),(80.5,0.9),(86.9,6.6),(51.2,15.1)...]"
WH_0617,72,51.39,53.58,52.47,61.0,4.26,46.4,326.7,"[(93.7,25.9),(15.8,24.4),(7.1,21.4),(12.2,35.9),(74.1,10.8)...]"
WH_0618,69,44.58,46.57,45.51,52.91,4.46,51.3,261.6,"[(94.6,25.4),(77.3,40.2),(75.9,3.1),(41.5,40.7),(64.1,48.5)...]"
WH_0619,66,49.32,51.92,50.36,58.54,5.27,66.6,330.7,"[(20.7,40.2),(36.6,46.6),(87.9,30.3),(4.8,25.2),(80.1,3.8)...]"
WH_0620,54,48.86,50.58,49.89,58.0,3.51,49.1,230.2,"[(53.6,22.2),(76.6,0.7),(15.0,0.1),(74.3,30.8),(0.5,16.3)...]"
WH_0621,69,49.86,52.67,50.91,59.19,5.63,69.0,222.8,"[(54.4,15.8),(36.5,16.0),(16.8,22.5),(79.8,13.7),(37.5,40.4)...]"
WH_0622,86,51.19,53.58,52.27,60.77,4.66,64.4,303.9,"[(98.7,3.2),(25.7,42.9),(77.5,23.3),(11.7,11.0),(22.0,14.9)...]"
WH_0623,80,49.64,53.47,50.69,58.93,7.71,66.4,275.2,"[(78.3,31.4),(56.5,48.4),(35.0,20.0),(27.4,10.8),(94.5,49.9)...]"
WH_0624,83,50.32,53.16,51.38,59.73,5.65,53.7,317.8,"[(25.9,18.5),(78.8,13.5),(94.4,40.6),(44.4,23.9),(13.7,14.7)...]"
WH_0625,57,47.98,49.53,48.99,56.95,3.23,70.8,297.3,"[(61.1,48.5),(70.6,47.6),(10.5,34.6),(15.8,7.9),(66.4,11.1)...]"
WH_0626,52,43.16,45.99,44.07,51.23,6.56,50.8,226.8,"[(43.3,0.1),(34.7,32.1),(20.2,24.2),(71.4,5.5),(63.6,4.4)...]"
WH_0627,62,56.31,57.85,57.5,66.85,2.72,56.4,255.0,"[(55.3,2.2),(98.9,19.3),(42.2,16.7),(55.2,40.7),(22.0,25.1)...]"
WH_0628,64,56.55,59.93,57.74,67.13,5.98,66.8,256.0,"[(68.5,11.6),(86.7,41.3),(40.1,13.1),(42.9,29.1),(39.8,46.7)...]"
WH_0629,77,60.72,61.94,62.0,72.08,2.0,47.1,314.9,"[(96.4,22.2),(37.8,6.6),(56.8,2.4),(56.4,23.9),(65.0,21.9)...]"
WH_0630,43,38.91,42.33,39.73,46.19,8.78,48.2,347.0,"[(7.5,13.0),(59.8,42.1),(91.8,36.4),(41.9,48.1),(77.0,19.8)...]"
WH_0631,82,59.04,62.45,60.28,70.08,5.77,49.6,320.3,"[(54.1,19.5),(27.2,3.9),(36.2,28.3),(86.6,48.0),(67.4,14.2)...]"
WH_0632,62,56.25,58.48,57.43,66.77,3.96,68.4,265.0,"[(81.7,0.9),(94.0,0.3),(46.3,9.3),(6.4,8.8),(67.8,0.0)...]"
WH_0633,58,43.53,45.71,44.44,51.67,5.0,60.9,316.5,"[(5.5,17.7),(18.3,42.8),(77.2,42.2),(28.6,30.2),(89.3,17.2)...]"
WH_0634,51,38.53,39.3,39.34,45.73,2.0,45.3,349.5,"[(2.4,23.7),(11.5,43.3),(15.8,20.6),(19.1,48.2),(3.0,31.6)...]"
WH_0635,44,47.64,50.41,48.64,56.54,5.83,69.2,304.3,"[(39.0,18.9),(24.5,21.4),(54.8,21.0),(0.8,21.5),(1.3,7.3)...]"
WH_0636,73,60.92,64.05,62.2,72.31,5.15,46.7,333.6,"[(59.0,41.9),(99.3,0.1),(51.5,11.9),(17.9,17.3),(99.3,32.4)...]"
WH_0637,64,46.1,47.92,47.07,54.72,3.94,50.4,260.6,"[(8.7,36.5),(65.4,25.9),(34.3,35.9),(10.0,19.8),(75.7,37.9)...]"
WH_0638,48,41.1,43.83,41.96,48.78,6.64,48.8,293.0,"[(18.1,17.8),(77.7,24.5),(18.2,35.1),(71.7,22.8),(16.3,1.2)...]"
WH_0639,48,44.43,46.34,45.37,52.74,4.29,69.8,310.1,"[(46.0,0.7),(26.5,15.3),(100.0,36.8),(15.3,33.3),(82.5,50.0)...]"
WH_0640,59,41.24,43.49,42.1,48.95,5.46,48.9,245.1,"[(10.9,34.8),(20.2,38.8),(92.7,2.5),(50.8,2.6),(45.3,5.7)...]"
WH_0641,84,55.98,59.98,57.16,66.45,7.15,58.7,348.8,"[(6.0,19.4),(22.5,4.9),(81.7,38.4),(52.7,3.9),(60.5,13.7)...]"
WH_0642,60,52.14,54.1,53.23,61.89,3.76,52.0,254.0,"[(51.8,6.1),(81.8,45.5),(74.5,11.6),(40.1,47.1),(78.9,12.8)...]"
WH_0643,45,36.41,37.2,37.17,43.22,2.16,67.6,346.3,"[(96.0,38.3),(19.3,36.2),(22.8,23.8),(35.9,43.3),(67.9,17.1)...]"
WH_0644,61,41.7,43.6,42.57,49.5,4.57,57.8,304.2,"[(93.1,14.7),(50.3,20.5),(51.1,9.3),(90.8,44.3),(72.2,4.7)...]"
WH_0645,60,53.55,58.06,54.67,63.56,8.43,53.8,311.3,"[(76.5,5.6),(9.9,32.4),(87.7,30.9),(16.8,12.0),(65.8,35.9)...]"
WH_0646,42,36.62,37.92,37.38,43.46,3.56,71.8,276.7,"[(4.4,17.4),(92.9,30.4),(78.7,23.4),(66.5,44.6),(32.4,3.3)...]"
WH_0647,63,44.34,47.1,45.28,52.64,6.2,45.1,330.1,"[(14.8,47.0),(7.4,25.0),(42.1,48.8),(80.9,44.6),(43.9,4.9)...]"
WH_0648,61,55.81,56.93,56.98,66.25,2.0,69.9,304.7,"[(36.9,0.7),(72.3,25.6),(76.9,49.6),(54.8,49.2),(79.0,5.1)...]"
WH_0649,72,60.79,64.06,62.07,72.16,5.37,58.6,311.9,"[(74.2,1.8),(71.2,33.4),(68.7,45.4),(81.2,43.7),(34.0,3.7)...]"
WH_0650,86,63.99,67.92,65.34,75.96,6.13,50.1,301.9,"[(31.4,11.0),(85.2,26.1),(13.5,45.8),(80.3,13.3),(86.7,10.7)...]"
WH_0651,77,59.74,63.98,60.99,70.91,7.11,61.9,310.9,"[(6.4,45.8),(66.0,42.3),(79.6,13.2),(6.3,38.7),(84.8,41.4)...]"
WH_0652,60,43.45,45.76,44.37,51.58,5.32,53.7,321.6,"[(82.7,2.0),(35.4,23.6),(78.5,16.7),(20.7,18.5),(19.4,18.5)...]"
WH_0653,50,39.49,42.02,40.32,46.87,6.41,47.4,255.3,"[(54.3,2.9),(5.8,29.3),(30.8,24.6),(75.3,40.5),(32.6,39.0)...]"
WH_0654,87,53.1,54.16,54.21,63.03,2.0,49.2,340.0,"[(88.0,10.9),(69.2,24.7),(7.0,47.9),(99.2,9.0),(94.5,1.8)...]"
WH_0655,64,55.5,57.8,56.66,65.87,4.16,69.2,345.6,"[(20.9,36.6),(44.2,43.7),(73.0,42.6),(67.7,25.6),(95.6,31.1)...]"
WH_0656,64,55.37,60.36,56.54,65.73,9.0,70.0,223.1,"[(23.5,46.3),(18.3,20.3),(86.5,11.0),(24.3,10.5),(84.8,34.4)...]"
WH_0657,63,47.8,51.71,48.8,56.73,8.19,55.4,291.4,"[(22.0,38.2),(2.3,44.8),(7.3,1.7),(53.4,43.7),(73.0,39.6)...]"
WH_0658,66,53.83,55.32,54.96,63.9,2.77,62.7,252.7,"[(11.5,19.6),(53.9,32.6),(74.2,16.3),(88.8,23.5),(14.7,38.0)...]"
WH_0659,62,50.17,51.18,51.23,59.56,2.01,62.1,244.9,"[(19.8,28.4),(1.4,35.6),(84.3,48.3),(37.9,16.8),(86.4,21.5)...]"
WH_0660,57,47.98,52.24,48.99,56.95,8.88,52.8,319.9,"[(51.3,34.5),(71.7,30.5),(36.8,15.9),(41.1,31.9),(16.4,4.9)...]"
WH_0661,57,47.44,50.36,48.44,56.31,6.16,68.5,283.9,"[(90.4,8.7),(71.8,20.8),(19.5,18.8),(79.2,41.8),(98.9,6.0)...]"
WH_0662,63,51.74,54.33,52.83,61.42,5.0,45.8,271.9,"[(84.4,15.1),(79.1,14.1),(2.8,36.3),(92.2,25.4),(68.8,6.9)...]"
WH_0663,57,51.68,55.82,52.76,61.34,8.01,66.9,263.2,"[(54.2,19.9),(31.2,27.8),(17.1,40.0),(20.1,43.6),(46.7,12.2)...]"
WH_0664,55,42.45,44.88,43.34,50.39,5.72,47.7,347.3,"[(62.3,36.0),(43.6,29.0),(9.8,9.2),(64.8,47.4),(58.7,32.5)...]"
WH_0665,65,52.6,53.7,53.7,62.43,2.09,50.0,316.1,"[(6.1,10.1),(14.8,44.4),(36.5,27.7),(45.6,34.4),(95.1,20.1)...]"
WH_0666,60,45.3,47.81,46.26,53.78,5.54,62.7,238.7,"[(52.3,48.4),(89.6,1.3),(90.8,26.6),(29.7,11.3),(10.2,32.0)...]"
WH_0667,82,63.73,67.59,65.07,75.65,6.05,67.1,262.7,"[(72.0,5.9),(97.6,5.2),(98.5,5.6),(12.6,14.7),(76.9,0.1)...]"
WH_0668,42,35.5,37.11,36.24,42.14,4.55,57.4,306.2,"[(33.9,17.7),(35.7,39.0),(58.9,30.7),(18.2,21.3),(43.3,46.0)...]"
WH_0669,77,56.42,59.57,57.61,66.97,5.57,61.2,273.7,"[(37.2,12.7),(39.3,7.8),(83.7,14.3),(53.7,33.2),(58.8,24.2)...]"
WH_0670,78,49.06,52.61,50.09,58.23,7.24,56.0,249.5,"[(65.3,49.1),(96.0,13.3),(30.0,37.3),(20.1,21.3),(95.8,34.0)...]"
WH_0671,42,44.08,46.02,45.0,52.32,4.4,58.8,278.4,"[(1.7,35.3),(13.8,21.8),(45.3,11.7),(89.2,20.7),(32.1,29.6)...]"
WH_0672,59,46.63,49.02,47.61,55.35,5.14,66.5,226.9,"[(38.7,20.3),(12.7,6.2),(78.7,48.7),(24.0,0.1),(45.8,38.6)...]"
WH_0673,59,52.17,53.5,53.27,61.93,2.54,67.0,344.5,"[(31.9,7.8),(34.2,17.0),(10.5,44.5),(74.2,5.4),(77.8,43.3)...]"
WH_0674,47,38.04,40.44,38.84,45.16,6.3,71.8,297.7,"[(18.4,43.5),(91.0,27.9),(85.3,38.3),(97.9,9.0),(31.9,20.7)...]"
WH_0675,54,42.75,44.6,43.65,50.75,4.32,64.5,247.4,"[(29.9,5.4),(81.8,30.4),(4.8,45.8),(65.4,26.5),(15.9,14.6)...]"
WH_0676,50,42.66,43.51,43.55,50.64,2.0,64.2,259.9,"[(43.0,23.1),(51.9,46.4),(17.2,30.9),(47.7,29.1),(86.6,25.0)...]"
WH_0677,85,65.51,68.92,66.88,77.76,5.21,68.6,348.4,"[(58.1,39.2),(23.3,19.1),(56.2,31.4),(92.3,10.3),(77.1,2.8)...]"
WH_0678,75,46.61,48.62,47.59,55.33,4.3,53.2,304.6,"[(3.3,29.0),(8.3,8.8),(73.2,11.8),(3.9,2.7),(1.1,15.0)...]"
WH_0679,79,47.33,50.04,48.32,56.18,5.73,62.5,287.7,"[(91.0,32.2),(61.5,17.8),(47.2,22.9),(8.1,42.3),(14.5,27.1)...]"
WH_0680,72,53.39,54.46,54.51,63.38,2.0,62.5,315.7,"[(21.4,12.1),(58.1,16.1),(25.9,25.8),(16.5,5.9),(50.6,10.5)...]"
WH_0681,50,38.4,40.84,39.21,45.59,6.34,70.7,338.3,"[(28.5,22.5),(70.7,1.9),(65.4,19.5),(44.3,37.6),(34.1,32.7)...]"
WH_0682,57,51.3,55.05,52.38,60.89,7.32,57.1,343.7,"[(97.5,29.3),(45.5,14.5),(70.7,28.1),(96.2,25.2),(0.2,9.5)...]"
WH_0683,69,56.09,59.29,57.27,66.58,5.7,57.2,325.4,"[(61.1,32.4),(21.8,16.6),(31.2,22.9),(31.9,33.5),(27.6,29.0)...]"
WH_0684,49,46.46,47.86,47.44,55.15,3.02,55.1,231.4,"[(29.6,4.1),(83.7,19.3),(25.2,9.9),(57.4,1.9),(48.6,11.3)...]"
WH_0685,72,53.19,56.91,54.31,63.14,6.99,47.5,264.9,"[(40.3,9.4),(51.3,0.1),(25.0,4.6),(17.1,5.4),(76.2,28.5)...]"
WH_0686,61,43.16,45.26,44.07,51.23,4.86,63.5,262.5,"[(28.6,40.6),(32.6,39.7),(91.3,37.1),(7.0,44.4),(28.3,35.7)...]"
WH_0687,59,42.25,44.72,43.14,50.15,5.84,62.9,342.1,"[(7.4,7.1),(59.3,15.5),(98.1,1.1),(87.1,20.3),(70.3,4.6)...]"
WH_0688,72,56.9,62.02,58.1,67.54,9.0,53.9,275.5,"[(75.2,15.6),(51.1,29.1),(83.0,0.1),(70.2,36.7),(89.6,40.1)...]"
WH_0689,69,48.35,51.49,49.37,57.39,6.49,52.0,261.2,"[(4.5,48.5),(37.7,45.6),(87.0,47.9),(78.1,47.8),(80.8,40.0)...]"
WH_0690,59,44.73,46.89,45.67,53.1,4.81,64.6,288.8,"[(90.8,43.1),(9.4,36.3),(88.0,44.6),(30.4,49.2),(49.8,17.1)...]"
WH_0691,77,55.7,58.62,56.87,66.11,5.25,50.1,268.0,"[(12.2,16.9),(92.7,2.0),(58.8,26.9),(9.2,25.8),(38.3,21.7)...]"
WH_0692,51,41.7,43.72,42.57,49.49,4.84,50.7,345.5,"[(3.3,4.5),(91.4,20.3),(62.2,49.7),(58.8,10.6),(4.9,19.9)...]"
WH_0693,71,50.25,52.25,51.3,59.64,4.0,52.6,312.3,"[(26.4,11.9),(12.1,10.8),(79.7,1.1),(51.4,3.7),(59.0,35.6)...]"
WH_0694,71,47.14,50.07,48.13,55.96,6.22,53.0,224.7,"[(90.1,12.5),(68.0,2.9),(8.5,12.5),(89.9,31.0),(76.9,10.0)...]"
WH_0695,60,46.49,50.42,47.46,55.18,8.46,71.0,335.8,"[(77.1,13.3),(41.3,27.7),(4.9,8.4),(1.3,29.5),(95.6,28.1)...]"
WH_0696,67,51.71,54.25,52.8,61.38,4.92,52.0,274.2,"[(91.4,17.3),(91.1,31.2),(24.2,0.8),(94.6,45.4),(22.2,15.9)...]"
WH_0697,48,37.26,39.94,38.04,44.22,7.22,64.7,334.9,"[(27.2,40.5),(77.0,49.6),(61.9,48.7),(15.1,44.6),(56.8,28.3)...]"
WH_0698,75,51.29,52.96,52.37,60.88,3.24,53.1,231.5,"[(59.3,46.9),(76.6,5.4),(41.5,38.8),(35.0,27.5),(34.0,38.2)...]"
WH_0699,61,54.54,56.7,55.69,64.74,3.96,67.8,276.0,"[(50.6,8.7),(41.8,22.6),(9.9,19.1),(75.2,50.0),(6.6,35.6)...]"
WH_0700,57,53.16,55.99,54.28,63.1,5.33,48.8,225.4,"[(75.5,23.0),(77.7,29.9),(99.9,31.2),(34.7,42.0),(86.4,32.8)...]"
WH_0701,76,59.06,63.87,60.3,70.1,8.14,70.1,343.0,"[(96.7,32.6),(13.7,34.5),(60.8,37.4),(19.9,10.5),(16.8,14.8)...]"
WH_0702,55,41.81,44.23,42.69,49.63,5.78,60.4,287.0,"[(42.9,1.7),(7.0,13.9),(1.2,41.5),(70.5,22.7),(8.2,33.0)...]"
WH_0703,47,46.07,47.12,47.04,54.69,2.27,55.2,318.7,"[(45.4,5.5),(34.2,13.1),(5.3,25.2),(60.4,36.8),(51.7,17.4)...]"
WH_0704,45,40.22,42.27,41.07,47.75,5.08,50.4,325.4,"[(78.1,17.3),(33.8,32.0),(54.0,28.4),(20.7,43.9),(25.1,30.6)...]"
WH_0705,71,50.86,54.62,51.93,60.37,7.38,57.7,248.9,"[(12.7,16.1),(93.7,17.7),(16.8,32.6),(88.9,37.9),(16.8,16.5)...]"
WH_0706,48,39.37,41.78,40.2,46.73,6.12,48.2,254.9,"[(98.1,4.7),(41.3,30.4),(17.6,33.4),(73.9,6.6),(65.5,8.6)...]"
WH_0707,85,50.32,53.38,51.38,59.73,6.07,59.5,341.2,"[(93.2,19.6),(12.0,33.2),(61.6,15.6),(79.3,26.6),(92.2,8.8)...]"
WH_0708,42,36.57,39.26,37.34,43.41,7.33,63.2,313.4,"[(60.6,41.4),(85.9,18.1),(82.8,24.5),(67.2,7.2),(49.0,36.0)...]"
WH_0709,84,54.93,56.47,56.08,65.2,2.81,58.6,222.8,"[(98.0,45.2),(62.6,34.2),(45.9,27.7),(22.4,8.8),(3.9,47.5)...]"
WH_0710,66,46.44,47.8,47.41,55.12,2.94,51.3,261.0,"[(10.6,27.7),(32.5,29.2),(48.0,8.0),(69.4,49.2),(29.3,11.6)...]"
WH_0711,62,56.67,58.95,57.86,67.26,4.02,64.2,311.5,"[(81.1,20.5),(74.7,0.2),(27.0,0.5),(25.5,38.6),(90.6,47.3)...]"
WH_0712,57,45.87,46.84,46.84,54.45,2.11,62.5,312.4,"[(57.4,41.7),(95.2,49.2),(24.7,14.2),(56.9,24.2),(81.0,25.3)...]"
WH_0713,68,44.55,45.44,45.49,52.89,2.0,60.9,309.5,"[(53.3,41.7),(43.6,28.7),(1.9,3.6),(26.3,18.2),(67.0,0.2)...]"
WH_0714,63,42.52,44.29,43.41,50.47,4.18,71.8,340.8,"[(59.5,2.4),(27.8,11.4),(8.3,17.9),(73.2,42.7),(30.9,18.8)...]"
WH_0715,77,51.88,55.71,52.97,61.58,7.38,53.8,266.7,"[(15.0,29.1),(4.8,36.2),(61.8,45.5),(72.1,10.5),(47.5,14.0)...]"
WH_0716,65,49.37,50.8,50.4,58.6,2.9,65.5,235.9,"[(55.0,31.7),(59.2,33.4),(33.3,33.2),(55.8,2.9),(61.8,19.2)...]"
WH_0717,65,43.31,44.18,44.22,51.41,2.0,68.8,294.9,"[(94.6,35.2),(5.6,42.0),(31.3,10.5),(70.3,2.8),(71.7,49.5)...]"
WH_0718,59,47.97,50.0,48.97,56.94,4.23,47.5,242.0,"[(82.2,18.8),(99.8,22.2),(17.7,17.7),(6.3,13.3),(77.4,16.5)...]"
WH_0719,63,56.49,58.69,57.68,67.06,3.89,46.1,331.5,"[(69.4,12.3),(87.9,24.9),(1.2,10.4),(22.3,2.4),(35.8,25.7)...]"
WH_0720,67,52.58,56.18,53.69,62.42,6.83,48.8,251.5,"[(74.2,4.2),(8.1,16.5),(69.8,10.4),(45.3,50.0),(13.0,49.5)...]"
WH_0721,43,35.6,36.31,36.35,42.26,2.0,53.6,278.0,"[(90.7,48.0),(81.9,6.3),(95.0,22.0),(40.9,37.9),(44.0,8.0)...]"
WH_0722,47,43.79,45.5,44.71,51.97,3.91,53.5,223.0,"[(31.4,43.9),(87.1,28.9),(56.3,2.3),(31.0,1.1),(45.5,39.3)...]"
WH_0723,72,59.51,61.73,60.76,70.64,3.73,64.8,326.6,"[(35.2,34.4),(0.9,19.3),(86.5,38.7),(64.1,46.6),(97.9,13.3)...]"
WH_0724,66,49.41,52.79,50.45,58.65,6.84,61.1,349.8,"[(78.1,12.4),(19.2,27.7),(44.9,5.0),(6.8,42.5),(52.5,22.8)...]"
WH_0725,61,51.91,54.88,53.0,61.62,5.72,69.0,251.3,"[(68.6,7.4),(51.4,0.3),(32.4,32.4),(97.6,19.9),(29.4,4.0)...]"
WH_0726,64,49.11,51.02,50.14,58.29,3.91,55.8,279.1,"[(26.0,3.1),(12.3,37.3),(54.1,19.6),(96.4,26.4),(24.4,35.6)...]"
WH_0727,68,47.66,49.84,48.66,56.57,4.57,71.5,291.5,"[(70.7,8.7),(82.1,40.3),(57.6,30.7),(86.9,40.8),(63.9,46.9)...]"
WH_0728,57,48.38,49.35,49.4,57.43,2.0,63.5,302.3,"[(81.3,34.8),(91.9,16.0),(63.7,48.1),(51.9,3.0),(76.5,18.6)...]"
WH_0729,54,47.96,50.75,48.97,56.93,5.82,66.9,259.0,"[(24.8,29.0),(96.3,19.5),(47.2,13.6),(9.8,24.5),(99.8,42.4)...]"
WH_0730,66,53.56,55.19,54.69,63.58,3.05,60.1,347.4,"[(16.7,41.5),(23.7,39.0),(81.1,38.9),(54.7,42.4),(53.6,45.9)...]"
WH_0731,52,47.6,49.26,48.6,56.5,3.49,60.6,230.9,"[(99.9,12.8),(5.7,4.0),(72.8,0.7),(74.7,9.0),(79.0,6.0)...]"
WH_0732,68,45.82,48.76,46.78,54.39,6.42,62.2,314.0,"[(22.3,40.7),(89.1,49.1),(36.2,27.8),(80.6,24.1),(47.8,12.3)...]"
WH_0733,43,40.5,41.31,41.35,48.08,2.0,53.5,299.4,"[(0.0,23.2),(8.3,39.9),(54.2,11.5),(83.9,16.3),(53.3,26.3)...]"
WH_0734,76,59.48,64.55,60.73,70.6,8.53,63.6,243.7,"[(62.1,37.7),(61.5,31.9),(2.7,40.5),(69.7,2.1),(67.6,42.7)...]"
WH_0735,69,45.02,45.92,45.96,53.43,2.0,51.3,277.3,"[(39.2,34.9),(46.8,39.5),(74.5,47.0),(45.9,48.4),(31.4,48.2)...]"
WH_0736,67,56.65,60.06,57.84,67.24,6.02,61.2,334.7,"[(38.6,12.4),(73.3,42.3),(40.7,19.8),(95.5,44.3),(25.3,12.1)...]"
WH_0737,75,53.06,55.05,54.18,62.99,3.75,66.9,312.5,"[(69.4,43.6),(76.2,4.1),(78.7,43.5),(1.5,40.1),(83.8,34.4)...]"
WH_0738,83,52.53,54.87,53.63,62.35,4.47,55.2,293.3,"[(28.3,20.4),(26.1,21.7),(90.5,44.3),(18.9,20.3),(87.4,39.8)...]"
WH_0739,76,58.44,60.7,59.67,69.37,3.88,49.1,309.3,"[(24.9,30.8),(51.5,37.2),(47.8,34.2),(30.9,15.0),(43.4,6.3)...]"
WH_0740,42,37.5,40.19,38.29,44.52,7.15,55.7,224.5,"[(63.7,29.6),(26.4,11.8),(91.2,6.1),(35.8,23.4),(81.5,45.6)...]"
WH_0741,48,42.49,44.17,43.38,50.43,3.97,67.0,263.9,"[(25.6,15.5),(48.3,11.5),(79.6,24.9),(37.3,16.8),(29.5,14.8)...]"
WH_0742,56,46.61,50.2,47.59,55.32,7.72,66.5,334.9,"[(64.8,38.0),(9.4,32.5),(19.0,9.3),(47.1,31.0),(44.1,46.3)...]"
WH_0743,64,43.54,45.46,44.46,51.69,4.4,45.2,325.7,"[(84.9,8.4),(49.6,22.5),(57.9,46.4),(78.6,37.6),(57.9,19.3)...]"
WH_0744,70,53.95,58.5,55.08,64.04,8.43,52.2,273.6,"[(66.6,33.5),(7.7,9.5),(27.7,18.1),(6.8,27.7),(87.0,1.7)...]"
WH_0745,55,45.09,47.44,46.04,53.52,5.23,54.7,301.4,"[(24.1,35.2),(78.3,33.0),(27.5,12.5),(84.2,32.7),(73.6,23.1)...]"
WH_0746,66,53.35,57.49,54.47,63.32,7.77,53.5,258.1,"[(32.5,18.7),(62.6,40.6),(14.5,0.5),(22.5,15.5),(1.5,41.6)...]"
WH_0747,54,52.32,53.37,53.42,62.11,2.0,68.3,277.3,"[(30.5,0.8),(87.2,33.3),(51.3,4.2),(27.1,8.6),(79.8,9.9)...]"
WH_0748,56,44.34,46.45,45.27,52.63,4.75,52.6,297.5,"[(12.9,0.5),(52.2,48.2),(52.6,29.6),(22.9,29.6),(14.2,4.9)...]"
WH_0749,47,41.69,45.44,42.57,49.49,9.0,67.1,250.9,"[(19.4,15.2),(64.9,18.6),(8.9,28.8),(32.5,5.7),(11.6,34.9)...]"
WH_0750,52,42.19,43.34,43.07,50.08,2.73,52.1,247.2,"[(80.4,22.6),(83.0,30.6),(85.1,26.6),(94.2,17.9),(95.7,0.1)...]"
WH_0751,47,45.94,47.95,46.9,54.53,4.39,46.3,239.6,"[(6.7,2.6),(75.7,33.1),(31.5,13.4),(15.6,37.4),(60.4,44.6)...]"
WH_0752,52,45.01,46.59,45.96,53.43,3.5,50.8,290.0,"[(27.1,2.9),(58.6,40.8),(76.0,42.8),(10.8,42.5),(5.5,40.1)...]"
WH_0753,76,53.08,56.14,54.2,63.01,5.76,47.9,240.7,"[(3.6,7.3),(56.7,34.7),(48.9,48.8),(95.3,28.2),(32.0,8.5)...]"
WH_0754,52,51.12,54.28,52.2,60.68,6.17,56.6,234.1,"[(3.7,46.9),(3.5,13.9),(60.4,23.5),(7.7,5.0),(13.6,30.4)...]"
WH_0755,87,54.3,57.9,55.44,64.45,6.64,46.0,270.4,"[(76.7,19.3),(86.7,48.8),(92.9,20.4),(50.6,0.6),(40.4,40.1)...]"
WH_0756,69,52.57,55.4,53.67,62.4,5.4,51.1,270.3,"[(13.5,29.5),(90.9,28.2),(36.0,48.2),(21.3,16.0),(67.6,1.7)...]"
WH_0757,66,52.71,56.53,53.81,62.56,7.24,62.9,280.3,"[(5.0,10.3),(64.1,40.4),(88.7,3.4),(32.5,46.7),(80.5,46.5)...]"
WH_0758,53,47.73,49.18,48.73,56.66,3.04,50.3,332.6,"[(64.0,32.4),(84.0,49.0),(60.0,12.1),(56.9,32.1),(62.1,20.3)...]"
WH_0759,72,55.82,58.66,56.99,66.25,5.09,59.4,294.5,"[(52.0,37.5),(53.3,45.6),(93.1,32.4),(30.4,49.5),(61.9,26.3)...]"
WH_0760,57,47.21,50.1,48.2,56.04,6.12,65.3,329.4,"[(81.8,26.4),(4.3,14.9),(76.0,7.5),(17.2,1.3),(76.7,8.7)...]"
WH_0761,65,45.25,47.59,46.2,53.71,5.18,50.1,318.4,"[(28.9,1.4),(80.4,10.6),(49.2,10.3),(7.7,16.0),(29.7,46.2)...]"
WH_0762,87,57.29,59.81,58.49,68.0,4.39,62.0,226.8,"[(53.8,28.7),(21.7,11.0),(61.3,2.9),(1.1,46.0),(33.5,24.1)...]"
WH_0763,62,44.55,45.85,45.48,52.88,2.92,68.8,322.1,"[(98.0,28.0),(69.0,4.5),(72.2,8.4),(1.6,45.4),(7.9,49.6)...]"
WH_0764,77,51.96,54.96,53.05,61.68,5.78,63.0,341.8,"[(81.7,14.5),(35.2,3.0),(5.8,30.3),(7.6,37.8),(69.0,48.4)...]"
WH_0765,55,52.96,54.4,54.07,62.86,2.72,54.8,240.4,"[(71.4,9.8),(6.9,46.2),(37.6,17.2),(57.8,44.0),(67.3,1.3)...]"
WH_0766,63,47.42,50.37,48.42,56.29,6.21,56.2,291.5,"[(33.8,41.4),(56.1,1.7),(48.7,15.1),(87.4,11.5),(20.4,41.3)...]"
WH_0767,85,62.43,67.99,63.74,74.1,8.9,56.6,294.0,"[(51.0,23.6),(23.7,40.3),(90.4,45.3),(94.4,31.6),(23.7,46.6)...]"
WH_0768,56,42.94,44.69,43.84,50.97,4.09,52.2,338.5,"[(26.0,32.0),(57.4,23.1),(29.1,42.3),(28.0,9.1),(32.7,14.0)...]"
WH_0769,85,54.9,57.65,56.05,65.16,5.01,57.2,305.7,"[(59.3,7.1),(3.2,23.7),(80.3,46.1),(64.2,43.8),(74.3,4.3)...]"
WH_0770,72,49.0,52.76,50.03,58.17,7.67,59.6,289.0,"[(35.5,17.9),(0.4,38.6),(94.1,14.0),(71.1,3.7),(95.8,10.0)...]"
WH_0771,57,43.46,45.61,44.38,51.59,4.95,66.5,311.6,"[(65.6,42.8),(17.2,6.3),(64.1,45.5),(78.2,42.7),(17.6,29.4)...]"
WH_0772,71,58.25,59.61,59.47,69.14,2.34,71.5,234.6,"[(42.5,39.1),(12.4,46.4),(95.5,41.1),(33.7,36.0),(10.3,2.5)...]"
WH_0773,75,46.87,47.8,47.85,55.63,2.0,47.8,307.4,"[(26.5,13.5),(34.4,15.5),(53.8,4.6),(5.3,49.6),(27.6,33.4)...]"
WH_0774,71,45.34,47.17,46.29,53.81,4.05,65.9,288.5,"[(97.7,22.2),(30.5,25.9),(92.9,48.3),(0.3,10.9),(66.3,45.7)...]"
WH_0775,45,35.71,36.43,36.46,42.39,2.0,56.6,342.0,"[(94.5,26.7),(77.5,45.9),(40.1,10.2),(41.6,41.7),(0.6,17.0)...]"
WH_0776,55,39.58,41.15,40.41,46.98,3.96,57.1,225.2,"[(80.9,29.4),(20.2,16.8),(70.4,45.9),(58.0,32.4),(40.8,44.5)...]"
WH_0777,61,53.11,55.62,54.23,63.04,4.72,52.6,303.3,"[(48.8,35.4),(14.9,18.7),(0.9,45.5),(73.0,11.5),(70.5,23.4)...]"
WH_0778,63,48.16,50.14,49.17,57.16,4.11,68.2,255.1,"[(76.5,34.1),(34.5,7.4),(83.7,7.6),(55.2,25.1),(75.3,20.6)...]"
WH_0779,71,60.62,63.35,61.89,71.95,4.51,57.2,250.4,"[(11.5,4.5),(6.2,11.4),(9.8,0.2),(45.6,23.5),(59.5,18.5)...]"
WH_0780,66,50.48,55.03,51.54,59.92,9.0,54.9,266.2,"[(47.7,14.3),(73.3,39.0),(25.4,0.7),(84.5,11.0),(21.1,4.0)...]"
WH_0781,47,44.76,47.03,45.7,53.13,5.06,53.5,346.9,"[(86.0,43.8),(7.8,47.9),(92.6,20.1),(23.6,32.8),(48.8,15.2)...]"
WH_0782,68,51.81,56.47,52.9,61.5,9.0,55.3,261.5,"[(61.9,45.9),(88.7,46.4),(30.6,21.3),(75.5,35.7),(0.6,41.3)...]"
WH_0783,71,54.35,55.76,55.49,64.51,2.6,52.2,284.0,"[(32.1,35.4),(21.9,22.7),(21.0,46.6),(28.6,10.4),(97.2,47.7)...]"
WH_0784,70,56.69,60.48,57.88,67.29,6.69,60.0,253.5,"[(66.6,9.8),(90.0,21.2),(16.6,30.6),(16.7,23.2),(69.7,34.0)...]"
WH_0785,76,48.06,49.63,49.07,57.05,3.25,53.3,222.4,"[(78.7,32.0),(60.3,14.8),(95.5,42.1),(28.8,30.8),(97.3,2.5)...]"
WH_0786,74,57.43,62.59,58.63,68.16,9.0,58.5,311.3,"[(21.6,37.6),(20.6,2.8),(71.5,30.3),(25.9,30.0),(97.9,49.6)...]"
WH_0787,69,52.66,55.08,53.77,62.51,4.6,57.8,312.3,"[(53.6,9.7),(65.2,20.3),(75.2,7.5),(19.3,11.3),(34.2,5.3)...]"
WH_0788,63,55.92,59.9,57.1,66.38,7.11,68.4,252.3,"[(16.0,42.5),(13.0,0.2),(61.8,31.4),(18.3,43.6),(43.6,8.4)...]"
WH_0789,44,46.46,48.34,47.44,55.15,4.03,60.7,243.4,"[(32.9,32.3),(82.0,25.2),(97.2,42.5),(77.5,44.0),(5.2,16.7)...]"
WH_0790,69,47.86,50.71,48.87,56.81,5.94,60.3,338.1,"[(2.0,21.7),(14.3,0.3),(84.2,19.1),(74.4,38.9),(76.0,6.4)...]"
WH_0791,66,56.71,59.42,57.9,67.32,4.78,51.9,320.5,"[(22.4,15.3),(81.4,30.9),(79.3,49.9),(38.3,34.5),(3.8,16.9)...]"
WH_0792,67,57.6,58.76,58.81,68.38,2.0,60.9,320.8,"[(42.0,29.6),(42.8,7.0),(81.5,16.5),(73.0,43.1),(47.2,39.5)...]"
WH_0793,48,46.0,49.61,46.97,54.6,7.84,63.3,349.2,"[(71.9,40.3),(95.0,1.7),(69.0,21.5),(12.5,43.4),(20.2,1.8)...]"
WH_0794,51,49.01,51.08,50.04,58.17,4.23,66.3,276.2,"[(43.9,26.5),(18.8,32.6),(6.6,12.6),(62.4,47.7),(93.5,16.7)...]"
WH_0795,76,49.22,51.75,50.25,58.42,5.14,63.5,236.9,"[(70.1,30.7),(22.8,1.4),(89.1,34.5),(6.1,4.5),(39.9,6.4)...]"
WH_0796,63,46.58,48.76,47.55,55.29,4.68,55.0,230.8,"[(49.5,25.2),(76.0,6.6),(19.9,8.5),(91.0,16.2),(86.6,4.0)...]"
WH_0797,72,51.7,54.8,52.78,61.36,5.99,60.2,272.5,"[(35.0,36.2),(50.6,36.7),(20.6,47.1),(17.8,48.9),(31.7,47.2)...]"
WH_0798,64,56.08,57.69,57.26,66.57,2.86,64.8,321.7,"[(66.4,8.9),(8.3,38.1),(85.8,41.7),(45.4,11.2),(61.6,3.9)...]"
WH_0799,64,56.05,58.09,57.23,66.53,3.63,48.4,293.1,"[(36.0,2.5),(54.4,7.7),(81.5,5.7),(48.9,27.4),(73.7,6.0)...]"
WH_0800,75,56.64,60.08,57.83,67.23,6.08,66.4,297.6,"[(44.1,42.1),(30.2,7.1),(58.9,18.4),(74.3,24.6),(49.3,7.6)...]"
WH_0801,57,40.34,42.16,41.19,47.88,4.52,57.5,318.7,"[(92.3,31.4),(87.7,19.0),(77.0,0.5),(46.2,48.4),(61.3,35.9)...]"
WH_0802,65,55.13,57.08,56.28,65.44,3.54,49.1,273.0,"[(54.1,40.6),(77.9,41.4),(15.0,27.5),(35.0,21.2),(51.7,9.3)...]"
WH_0803,58,44.93,47.2,45.88,53.33,5.05,56.3,261.2,"[(72.7,21.3),(70.4,10.2),(23.9,38.8),(66.0,45.7),(96.7,12.9)...]"
WH_0804,58,46.16,48.89,47.13,54.79,5.91,67.5,233.4,"[(14.9,41.6),(18.7,29.5),(77.9,49.2),(24.4,12.4),(22.0,38.3)...]"
WH_0805,60,50.65,53.57,51.71,60.12,5.78,61.9,300.1,"[(21.6,18.8),(59.7,45.4),(67.8,41.6),(25.2,44.8),(94.0,21.5)...]"
WH_0806,66,56.76,57.9,57.95,67.38,2.0,55.9,220.0,"[(92.4,14.7),(64.9,44.8),(33.3,33.3),(9.5,23.4),(48.7,35.2)...]"
WH_0807,58,48.84,50.87,49.87,57.98,4.16,58.4,284.1,"[(30.4,34.1),(99.6,43.9),(73.6,9.3),(50.4,32.3),(12.7,43.2)...]"
WH_0808,79,48.88,51.17,49.9,58.02,4.7,65.7,223.6,"[(4.1,33.0),(48.6,7.5),(51.1,40.0),(13.4,48.0),(14.4,48.6)...]"
WH_0809,53,41.1,41.93,41.97,48.79,2.0,58.1,221.6,"[(61.8,15.2),(42.0,20.4),(43.4,17.1),(80.4,0.9),(4.7,14.4)...]"
WH_0810,61,55.42,57.73,56.58,65.78,4.17,54.0,279.7,"[(27.7,29.8),(94.8,20.5),(87.9,29.8),(2.9,43.8),(80.4,7.7)...]"
WH_0811,58,41.94,42.83,42.82,49.78,2.13,55.3,238.4,"[(77.0,24.2),(65.7,26.0),(16.7,13.2),(51.9,46.6),(7.6,45.1)...]"
WH_0812,81,51.73,54.0,52.82,61.41,4.37,56.9,314.3,"[(78.5,37.4),(51.3,20.2),(11.1,24.7),(52.1,23.2),(32.9,0.7)...]"
WH_0813,66,50.94,55.13,52.01,60.46,8.22,58.6,323.7,"[(64.2,5.3),(15.3,25.5),(60.1,40.2),(50.9,33.1),(65.4,19.7)...]"
WH_0814,76,56.51,59.0,57.7,67.08,4.4,47.7,302.2,"[(8.3,0.2),(5.4,21.6),(26.7,13.1),(47.4,39.9),(75.1,46.2)...]"
WH_0815,46,42.85,43.94,43.75,50.86,2.54,67.7,340.0,"[(19.3,24.0),(53.5,22.1),(58.8,34.2),(43.6,10.1),(41.8,36.1)...]"
WH_0816,67,51.41,54.73,52.49,61.02,6.46,66.1,345.0,"[(10.8,29.4),(45.2,14.6),(66.6,15.9),(88.4,29.4),(53.7,26.4)...]"
WH_0817,74,47.77,49.09,48.77,56.7,2.78,56.5,238.4,"[(46.5,35.6),(46.5,2.5),(24.9,4.8),(12.3,8.3),(73.5,34.4)...]"
WH_0818,64,56.17,60.23,57.35,66.68,7.22,53.8,322.5,"[(23.1,33.8),(62.2,20.0),(61.4,47.4),(45.8,12.6),(63.1,12.6)...]"
WH_0819,76,53.07,55.91,54.19,63.0,5.34,66.0,330.5,"[(83.3,35.3),(35.9,35.6),(21.3,33.6),(7.4,31.6),(91.1,37.8)...]"
WH_0820,57,46.78,48.26,47.76,55.52,3.16,51.2,311.6,"[(7.3,5.2),(56.5,27.3),(98.7,46.0),(75.5,39.5),(59.0,28.7)...]"
WH_0821,80,55.53,58.47,56.7,65.92,5.3,65.6,238.1,"[(65.0,19.4),(10.9,46.1),(89.8,31.3),(98.8,40.3),(14.2,14.1)...]"
WH_0822,87,64.76,67.4,66.12,76.87,4.06,46.0,220.7,"[(63.8,40.2),(37.3,27.3),(56.5,46.0),(67.5,28.9),(10.1,40.0)...]"
WH_0823,59,42.66,44.35,43.55,50.63,3.97,50.7,327.7,"[(77.3,7.7),(11.2,33.6),(20.1,38.7),(94.6,16.7),(36.1,25.6)...]"
WH_0824,58,47.69,50.88,48.69,56.6,6.7,50.3,308.4,"[(2.6,47.1),(19.9,31.8),(49.1,27.0),(88.9,2.4),(43.3,14.1)...]"
WH_0825,81,60.05,61.71,61.31,71.28,2.77,62.9,339.4,"[(98.2,16.0),(8.4,47.0),(43.4,33.7),(51.3,47.5),(66.1,22.8)...]"
WH_0826,82,56.23,60.44,57.41,66.74,7.5,70.8,248.3,"[(5.5,44.2),(7.3,5.7),(85.3,5.0),(60.2,42.8),(2.7,8.0)...]"
WH_0827,57,52.38,55.23,53.48,62.17,5.45,57.0,343.5,"[(85.9,49.4),(72.7,37.6),(20.1,13.4),(18.5,16.1),(57.8,15.4)...]"
WH_0828,58,54.26,55.34,55.4,64.41,2.0,60.6,245.2,"[(19.0,39.1),(62.7,2.3),(82.9,24.6),(42.9,41.2),(33.5,30.1)...]"
WH_0829,60,46.26,49.51,47.23,54.91,7.02,70.5,319.9,"[(76.6,3.4),(5.4,9.4),(16.5,38.7),(39.7,9.6),(56.3,33.6)...]"
WH_0830,47,42.92,44.95,43.82,50.95,4.73,69.0,244.7,"[(76.8,35.3),(74.5,13.7),(62.6,30.5),(19.6,48.3),(58.8,43.7)...]"
WH_0831,52,46.55,47.93,47.53,55.25,2.97,65.0,269.6,"[(74.9,46.5),(7.9,47.8),(6.8,15.3),(19.2,11.0),(73.7,2.8)...]"
WH_0832,51,46.22,48.06,47.19,54.87,3.98,65.9,249.9,"[(46.9,18.9),(3.9,22.0),(56.4,47.3),(51.4,44.4),(74.8,14.2)...]"
WH_0833,54,50.46,52.05,51.52,59.9,3.14,57.7,340.3,"[(13.5,39.8),(57.6,43.9),(74.6,42.1),(42.2,8.8),(19.4,4.6)...]"
WH_0834,63,54.21,57.3,55.35,64.34,5.7,52.5,311.5,"[(23.1,14.9),(82.5,44.6),(56.4,42.1),(35.7,44.1),(97.2,19.6)...]"
WH_0835,66,57.49,61.0,58.7,68.24,6.11,48.9,308.8,"[(81.0,49.7),(51.6,38.7),(50.1,14.9),(44.1,9.9),(20.8,1.8)...]"
WH_0836,82,58.8,64.09,60.04,69.8,9.0,70.9,334.6,"[(74.4,45.9),(69.0,39.9),(8.0,12.7),(78.6,19.3),(22.8,16.6)...]"
WH_0837,52,43.4,47.21,44.31,51.51,8.79,59.8,241.8,"[(83.9,46.7),(54.7,32.6),(18.7,37.9),(1.8,2.0),(35.2,39.8)...]"
WH_0838,75,53.84,54.91,54.97,63.91,2.0,70.5,221.4,"[(27.9,37.8),(74.2,47.3),(21.4,27.2),(69.3,13.2),(75.7,6.6)...]"
WH_0839,61,53.05,57.82,54.16,62.97,9.0,68.0,237.2,"[(69.8,28.2),(98.3,4.8),(59.1,48.6),(59.3,3.2),(79.4,45.5)...]"
WH_0840,63,52.39,56.01,53.49,62.19,6.91,59.2,339.3,"[(20.6,18.6),(42.1,30.7),(35.4,41.5),(95.0,26.9),(31.8,22.0)...]"
WH_0841,72,54.75,57.78,55.9,64.99,5.53,48.8,237.1,"[(24.9,17.6),(51.2,8.0),(0.6,18.1),(72.7,31.6),(57.8,15.7)...]"
WH_0842,50,50.66,53.69,51.73,60.14,5.98,64.6,239.0,"[(10.2,21.5),(91.9,39.6),(61.0,9.0),(1.7,40.4),(83.9,23.8)...]"
WH_0843,68,52.45,54.09,53.56,62.26,3.11,65.9,298.9,"[(27.0,6.0),(47.6,35.5),(88.5,26.4),(71.1,44.8),(69.5,33.8)...]"
WH_0844,65,55.57,58.81,56.74,65.96,5.83,45.4,291.2,"[(19.9,26.0),(27.3,48.8),(91.6,24.1),(19.5,19.3),(43.6,25.9)...]"
WH_0845,69,59.61,62.85,60.86,70.75,5.45,54.4,328.5,"[(58.1,26.6),(31.8,31.6),(80.3,36.7),(91.0,45.3),(76.4,39.7)...]"
WH_0846,67,53.24,55.6,54.36,63.2,4.43,53.0,301.5,"[(4.2,10.7),(95.9,29.7),(85.4,46.0),(47.6,2.8),(15.3,44.2)...]"
